###############################################################################
#
# IAR C/C++ Compiler V10.30.1.6000 for 8051               07/Jul/2026  14:42:51
# Copyright 2004-2018 IAR Systems AB.
# PC-locked license - IAR Embedded Workbench for 8051
#
#    Core               =  plain
#    Code model         =  banked
#    Data model         =  large
#    Calling convention =  xdata reentrant
#    Constant location  =  data_rom
#    Dptr setup         =  1,16
#                          
#    Source file        =  
#        D:\My_Software\z_anyang_stack\ZStack-CC2530-2.5.1a\Components\hal\target\CC2530EB\hal_lcd.c
#    Command line       =  
#        -f C:\Users\30397\AppData\Local\Temp\EW4A.tmp
#        (D:\My_Software\z_anyang_stack\ZStack-CC2530-2.5.1a\Components\hal\target\CC2530EB\hal_lcd.c
#        -D NWK_AUTO_POLL -D ZTOOL_P1 -D xMT_TASK -D MT_SYS_FUNC -D MT_ZDO_FUNC
#        -D LCD_SUPPORTED=DEBUG -D xPOWER_SAVING -lC
#        D:\My_Software\z_anyang_stack\ZStack-CC2530-2.5.1a\Projects\zstack\Samples\End\CC2530DB\EndDeviceEB\List
#        -lA
#        D:\My_Software\z_anyang_stack\ZStack-CC2530-2.5.1a\Projects\zstack\Samples\End\CC2530DB\EndDeviceEB\List
#        --diag_suppress Pe001,Pa010 -o
#        D:\My_Software\z_anyang_stack\ZStack-CC2530-2.5.1a\Projects\zstack\Samples\End\CC2530DB\EndDeviceEB\Obj
#        -e --debug --core=plain --dptr=16,1 --data_model=large
#        --code_model=banked --calling_convention=xdata_reentrant
#        --place_constants=data_rom --nr_virtual_regs 8 -f
#        D:\My_Software\z_anyang_stack\ZStack-CC2530-2.5.1a\Projects\zstack\Samples\End\CC2530DB\..\..\..\Tools\CC2530DB\f8wEndev.cfg
#        (-DCPU32MHZ -DROOT=__near_func -DMAC_CFG_TX_DATA_MAX=3
#        -DMAC_CFG_TX_MAX=6 -DMAC_CFG_RX_MAX=3) -f
#        D:\My_Software\z_anyang_stack\ZStack-CC2530-2.5.1a\Projects\zstack\Samples\End\CC2530DB\..\..\..\Tools\CC2530DB\f8wConfig.cfg
#        (-DZIGBEEPRO -DSECURE=0 -DZG_SECURE_DYNAMIC=0 -DREFLECTOR
#        -DDEFAULT_CHANLIST=0x00000800 -DZDAPP_CONFIG_PAN_ID=0x3F01
#        -DNWK_START_DELAY=100 -DEXTENDED_JOINING_RANDOM_MASK=0x007F
#        -DBEACON_REQUEST_DELAY=100 -DBEACON_REQ_DELAY_MASK=0x00FF
#        -DLINK_STATUS_JITTER_MASK=0x007F -DROUTE_EXPIRY_TIME=30
#        -DAPSC_ACK_WAIT_DURATION_POLLED=3000 -DNWK_INDIRECT_MSG_TIMEOUT=7
#        -DMAX_RREQ_ENTRIES=8 -DAPSC_MAX_FRAME_RETRIES=3
#        -DNWK_MAX_DATA_RETRIES=2 -DMAX_POLL_FAILURE_RETRIES=2 -DMAX_BCAST=9
#        -DAPS_MAX_GROUPS=16 -DMAX_RTG_ENTRIES=40 -DNWK_MAX_BINDING_ENTRIES=4
#        -DMAX_BINDING_CLUSTER_IDS=4 "-DDEFAULT_KEY={0x01, 0x03, 0x05, 0x07,
#        0x09, 0x0B, 0x0D, 0x0F, 0x00, 0x02, 0x04, 0x06, 0x08, 0x0A, 0x0C,
#        0x0D}" -DMAC_MAX_FRAME_SIZE=116 -DZDNWKMGR_MIN_TRANSMISSIONS=20
#        "-DCONST=const __code" -DGENERIC=__generic -DRFD_RCVC_ALWAYS_ON=FALSE
#        -DPOLL_RATE=1000 -DQUEUED_POLL_RATE=100 -DRESPONSE_POLL_RATE=100
#        -DREJOIN_POLL_RATE=440) -I
#        D:\My_Software\z_anyang_stack\ZStack-CC2530-2.5.1a\Projects\zstack\Samples\End\CC2530DB\
#        -I
#        D:\My_Software\z_anyang_stack\ZStack-CC2530-2.5.1a\Projects\zstack\Samples\End\CC2530DB\..\Source\
#        -I
#        D:\My_Software\z_anyang_stack\ZStack-CC2530-2.5.1a\Projects\zstack\Samples\End\CC2530DB\..\..\..\ZMain\TI2530DB\
#        -I
#        D:\My_Software\z_anyang_stack\ZStack-CC2530-2.5.1a\Projects\zstack\Samples\End\CC2530DB\..\..\..\..\..\Components\hal\include\
#        -I
#        D:\My_Software\z_anyang_stack\ZStack-CC2530-2.5.1a\Projects\zstack\Samples\End\CC2530DB\..\..\..\..\..\Components\hal\target\CC2530EB\
#        -I
#        D:\My_Software\z_anyang_stack\ZStack-CC2530-2.5.1a\Projects\zstack\Samples\End\CC2530DB\..\..\..\..\..\Components\mac\include\
#        -I
#        D:\My_Software\z_anyang_stack\ZStack-CC2530-2.5.1a\Projects\zstack\Samples\End\CC2530DB\..\..\..\..\..\Components\mac\high_level\
#        -I
#        D:\My_Software\z_anyang_stack\ZStack-CC2530-2.5.1a\Projects\zstack\Samples\End\CC2530DB\..\..\..\..\..\Components\mac\low_level\srf04\
#        -I
#        D:\My_Software\z_anyang_stack\ZStack-CC2530-2.5.1a\Projects\zstack\Samples\End\CC2530DB\..\..\..\..\..\Components\mac\low_level\srf04\single_chip\
#        -I
#        D:\My_Software\z_anyang_stack\ZStack-CC2530-2.5.1a\Projects\zstack\Samples\End\CC2530DB\..\..\..\..\..\Components\mt\
#        -I
#        D:\My_Software\z_anyang_stack\ZStack-CC2530-2.5.1a\Projects\zstack\Samples\End\CC2530DB\..\..\..\..\..\Components\osal\include\
#        -I
#        D:\My_Software\z_anyang_stack\ZStack-CC2530-2.5.1a\Projects\zstack\Samples\End\CC2530DB\..\..\..\..\..\Components\services\saddr\
#        -I
#        D:\My_Software\z_anyang_stack\ZStack-CC2530-2.5.1a\Projects\zstack\Samples\End\CC2530DB\..\..\..\..\..\Components\services\sdata\
#        -I
#        D:\My_Software\z_anyang_stack\ZStack-CC2530-2.5.1a\Projects\zstack\Samples\End\CC2530DB\..\..\..\..\..\Components\stack\af\
#        -I
#        D:\My_Software\z_anyang_stack\ZStack-CC2530-2.5.1a\Projects\zstack\Samples\End\CC2530DB\..\..\..\..\..\Components\stack\nwk\
#        -I
#        D:\My_Software\z_anyang_stack\ZStack-CC2530-2.5.1a\Projects\zstack\Samples\End\CC2530DB\..\..\..\..\..\Components\stack\sapi\
#        -I
#        D:\My_Software\z_anyang_stack\ZStack-CC2530-2.5.1a\Projects\zstack\Samples\End\CC2530DB\..\..\..\..\..\Components\stack\sec\
#        -I
#        D:\My_Software\z_anyang_stack\ZStack-CC2530-2.5.1a\Projects\zstack\Samples\End\CC2530DB\..\..\..\..\..\Components\stack\sys\
#        -I
#        D:\My_Software\z_anyang_stack\ZStack-CC2530-2.5.1a\Projects\zstack\Samples\End\CC2530DB\..\..\..\..\..\Components\stack\zdo\
#        -I
#        D:\My_Software\z_anyang_stack\ZStack-CC2530-2.5.1a\Projects\zstack\Samples\End\CC2530DB\..\..\..\..\..\Components\zmac\
#        -I
#        D:\My_Software\z_anyang_stack\ZStack-CC2530-2.5.1a\Projects\zstack\Samples\End\CC2530DB\..\..\..\..\..\Components\zmac\f8w\
#        -Ohz --require_prototypes --no_code_motion)
#    Locale             =  Chinese (Simplified)_CHN.936
#    List file          =  
#        D:\My_Software\z_anyang_stack\ZStack-CC2530-2.5.1a\Projects\zstack\Samples\End\CC2530DB\EndDeviceEB\List\hal_lcd.lst
#    Object file        =  
#        D:\My_Software\z_anyang_stack\ZStack-CC2530-2.5.1a\Projects\zstack\Samples\End\CC2530DB\EndDeviceEB\Obj\hal_lcd.r51
#
###############################################################################

D:\My_Software\z_anyang_stack\ZStack-CC2530-2.5.1a\Components\hal\target\CC2530EB\hal_lcd.c
      1          /**************************************************************************************************
      2            Filename:       hal_lcd.c
      3            Revised:        $Date: 2010-06-21 17:31:27 -0700 (Mon, 21 Jun 2010) $
      4            Revision:       $Revision: 22794 $
      5          
      6            Description:    This file contains the interface to the HAL LCD Service.
      7          
      8          
      9            Copyright 2007-2010 Texas Instruments Incorporated. All rights reserved.
     10          
     11            IMPORTANT: Your use of this Software is limited to those specific rights
     12            granted under the terms of a software license agreement between the user
     13            who downloaded the software, his/her employer (which must be your employer)
     14            and Texas Instruments Incorporated (the "License").  You may not use this
     15            Software unless you agree to abide by the terms of the License. The License
     16            limits your use, and you acknowledge, that the Software may not be modified,
     17            copied or distributed unless embedded on a Texas Instruments microcontroller
     18            or used solely and exclusively in conjunction with a Texas Instruments radio
     19            frequency transceiver, which is integrated into your product.  Other than for
     20            the foregoing purpose, you may not use, reproduce, copy, prepare derivative
     21            works of, modify, distribute, perform, display or sell this Software and/or
     22            its documentation for any purpose.
     23          
     24            YOU FURTHER ACKNOWLEDGE AND AGREE THAT THE SOFTWARE AND DOCUMENTATION ARE
     25            PROVIDED 揂S IS?WITHOUT WARRANTY OF ANY KIND, EITHER EXPRESS OR IMPLIED,
     26            INCLUDING WITHOUT LIMITATION, ANY WARRANTY OF MERCHANTABILITY, TITLE,
     27            NON-INFRINGEMENT AND FITNESS FOR A PARTICULAR PURPOSE. IN NO EVENT SHALL
     28            TEXAS INSTRUMENTS OR ITS LICENSORS BE LIABLE OR OBLIGATED UNDER CONTRACT,
     29            NEGLIGENCE, STRICT LIABILITY, CONTRIBUTION, BREACH OF WARRANTY, OR OTHER
     30            LEGAL EQUITABLE THEORY ANY DIRECT OR INDIRECT DAMAGES OR EXPENSES
     31            INCLUDING BUT NOT LIMITED TO ANY INCIDENTAL, SPECIAL, INDIRECT, PUNITIVE
     32            OR CONSEQUENTIAL DAMAGES, LOST PROFITS OR LOST DATA, COST OF PROCUREMENT
     33            OF SUBSTITUTE GOODS, TECHNOLOGY, SERVICES, OR ANY CLAIMS BY THIRD PARTIES
     34            (INCLUDING BUT NOT LIMITED TO ANY DEFENSE THEREOF), OR OTHER SIMILAR COSTS.
     35          
     36            Should you have any questions regarding your right to use this Software,
     37            contact Texas Instruments Incorporated at www.TI.com.
     38          **************************************************************************************************/
     39          
     40          /**************************************************************************************************
     41           *                                           INCLUDES
     42           **************************************************************************************************/
     43          #include "hal_types.h"
     44          #include "hal_lcd.h"

   \                                 In  segment SFR_AN, at 0x80
   \   union <unnamed> volatile __sfr _A_P0
   \                     _A_P0:
   \   000000                DS 1

   \                                 In  segment SFR_AN, at 0x90
   \   union <unnamed> volatile __sfr _A_P1
   \                     _A_P1:
   \   000000                DS 1

   \                                 In  segment SFR_AN, at 0xf1
   \   unsigned char volatile __sfr PERCFG
   \                     PERCFG:
   \   000000                DS 1

   \                                 In  segment SFR_AN, at 0xf3
   \   unsigned char volatile __sfr P0SEL
   \                     P0SEL:
   \   000000                DS 1

   \                                 In  segment SFR_AN, at 0xf4
   \   unsigned char volatile __sfr P1SEL
   \                     P1SEL:
   \   000000                DS 1

   \                                 In  segment SFR_AN, at 0xf8
   \   union <unnamed> volatile __sfr _A_U1CSR
   \                     _A_U1CSR:
   \   000000                DS 1

   \                                 In  segment SFR_AN, at 0xf9
   \   unsigned char volatile __sfr U1DBUF
   \                     U1DBUF:
   \   000000                DS 1

   \                                 In  segment SFR_AN, at 0xfa
   \   unsigned char volatile __sfr U1BAUD
   \                     U1BAUD:
   \   000000                DS 1

   \                                 In  segment SFR_AN, at 0xfb
   \   unsigned char volatile __sfr U1UCR
   \                     U1UCR:
   \   000000                DS 1

   \                                 In  segment SFR_AN, at 0xfc
   \   unsigned char volatile __sfr U1GCR
   \                     U1GCR:
   \   000000                DS 1

   \                                 In  segment SFR_AN, at 0xfd
   \   unsigned char volatile __sfr P0DIR
   \                     P0DIR:
   \   000000                DS 1

   \                                 In  segment SFR_AN, at 0xfe
   \   unsigned char volatile __sfr P1DIR
   \                     P1DIR:
   \   000000                DS 1
     45          #include "OSAL.h"
     46          #include "OnBoard.h"
     47          #include "hal_assert.h"
     48          
     49          #if defined (ZTOOL_P1) || defined (ZTOOL_P2)
     50            #include "DebugTrace.h"
     51          #endif
     52          
     53          /**************************************************************************************************
     54           *                                          CONSTANTS
     55           **************************************************************************************************/
     56          /*
     57            LCD pins
     58          
     59            //control
     60            P0.0 - LCD_BLK
     61            
     62            P1.2 - LCD_CS
     63          
     64            //spi
     65            P1.5 - CLK
     66            P1.6 - MOSI
     67            P1.7 - MISO  ->LCD_MODE
     68          */
     69          
     70          /* LCD Control lines */
     71          #define HAL_LCD_MODE_PORT 1
     72          #define HAL_LCD_MODE_PIN  7
     73          
     74          #define HAL_LCD_BLK_PORT 0
     75          #define HAL_LCD_BLK_PIN  0
     76          
     77          #define HAL_LCD_CS_PORT 1
     78          #define HAL_LCD_CS_PIN  2
     79          
     80          /* LCD SPI lines */
     81          #define HAL_LCD_CLK_PORT 1
     82          #define HAL_LCD_CLK_PIN  5
     83          
     84          #define HAL_LCD_MOSI_PORT 1
     85          #define HAL_LCD_MOSI_PIN  6
     86          
     87          #define HAL_LCD_MISO_PORT 1
     88          #define HAL_LCD_MISO_PIN  7
     89          
     90          /* SPI settings */
     91          #define HAL_SPI_CLOCK_POL_LO       0x00
     92          #define HAL_SPI_CLOCK_PHA_0        0x00
     93          #define HAL_SPI_TRANSFER_MSB_FIRST 0x20
     94          
     95          /* LCD lines */
     96          #define LCD_MAX_LINE_COUNT              8
     97          #define LCD_MAX_LINE_LENGTH             21
     98          #define LCD_MAX_BUF                     21
     99          
    100          /* Defines for HW LCD */
    101          
    102          /* Set power save mode */
    103          #define OSC_OFF                         0x00
    104          #define OSC_ON                          0x01
    105          #define POWER_SAVE_OFF                  0x00
    106          #define POWER_SAVE_ON                   0x02
    107          #define SET_POWER_SAVE_MODE(options)    HalLcd_HW_Control(0x0C | (options))
    108          
    109          /* Function Set */
    110          #define CGROM                           0x00
    111          #define CGRAM                           0x01
    112          #define COM_FORWARD                     0x00
    113          #define COM_BACKWARD                    0x02
    114          #define TWO_LINE                        0x00
    115          #define THREE_LINE                      0x04
    116          #define FUNCTION_SET(options)           HalLcd_HW_Control(0x10 | (options))
    117          
    118          /* Set Display Start Line */
    119          #define LINE1                           0x00
    120          #define LINE2                           0x01
    121          #define LINE3                           0x02
    122          #define LINE4                           0x03
    123          //以下是自已添加的，因为LCD只能支持5x7的ASCII码，所以可以有0-7行
    124          #define LINE5                           0x04
    125          #define LINE6                           0x05
    126          #define LINE7                           0x06
    127          #define LINE8                           0x07
    128          
    129          #define SET_DISPLAY_START_LINE(line)    HalLcd_HW_Control(0xB0 | (line))
    130          
    131          /* Bias control */
    132          #define BIAS_1_9                        0xA2
    133          #define BIAS_1_7                        0xA3
    134          #define SET_BIAS_CTRL(bias)             HalLcd_HW_Control(bias)
    135          
    136          /* Power control */
    137          #define VOLTAGE_DIVIDER_OFF             0x00
    138          #define VOLTAGE_DIVIDER_ON              0x01
    139          #define CONVERTER_AND_REG_OFF           0x00
    140          #define CONVERTER_AND_REG_ON            0x04
    141          #define SET_POWER_CTRL(options)         HalLcd_HW_Control(0x20 | (options))
    142          
    143          // Set display control
    144          #define DISPLAY_CTRL_ON                 0x01
    145          #define DISPLAY_CTRL_OFF                0x00
    146          #define DISPLAY_CTRL_BLINK_ON           0x02
    147          #define DISPLAY_CTRL_BLINK_OFF          0x00
    148          #define DISPLAY_CTRL_CURSOR_ON          0x04
    149          #define DISPLAY_CTRL_CURSOR_OFF         0x00
    150          #define SET_DISPLAY_CTRL(options)       HalLcd_HW_Control(0x28 | (options))
    151          
    152          /* Set DD/ CGRAM address */
    153          #define SET_DDRAM_ADDR(page,charIndex)  HalLcd_HW_Control(0xB0 | (page)); \
    154                                                  HalLcd_HW_Control(((charIndex >>4) & 0x0f) + 0x10);\
    155                                                  HalLcd_HW_Control(charIndex & 0x0f)
    156          
    157          #define SET_GCRAM_CHAR(specIndex)       HalLcd_HW_Control(0xC0 | (specIndex))
    158          
    159          /* Set ICONRAM address */
    160          #define CONTRAST_CTRL_REGISTER          0x10
    161          #define SET_ICONRAM_ADDR(addr)          HalLcd_HW_Control(0x40 | (addr))
    162          
    163          /* Set double height */
    164          #define LINE_1_AND_2                    0x01
    165          #define LINE_2_AND_3                    0x02
    166          #define NORMAL_DISPLAY                  0x00
    167          #define SET_DOUBLE_HEIGHT(options)      HalLcd_HW_Control(0x08 | (options))
    168          
    169          //所有ASCII码字库，此LCD不带字库5X7:X =5 Y = 7

   \                                 In  segment XDATA_ROM_C, align 1
    170          static const uint8 ascii_table_5x7[95][5]={
   \                     ascii_table_5x7:
   \   000000   00           DB 0
   \   000001   00           DB 0
   \   000002   00           DB 0
   \   000003   00           DB 0
   \   000004   00           DB 0
   \   000005   00           DB 0
   \   000006   00           DB 0
   \   000007   4F           DB 79
   \   000008   00           DB 0
   \   000009   00           DB 0
   \   00000A   00           DB 0
   \   00000B   07           DB 7
   \   00000C   00           DB 0
   \   00000D   07           DB 7
   \   00000E   00           DB 0
   \   00000F   14           DB 20
   \   000010   7F           DB 127
   \   000011   14           DB 20
   \   000012   7F           DB 127
   \   000013   14           DB 20
   \   000014   24           DB 36
   \   000015   2A           DB 42
   \   000016   7F           DB 127
   \   000017   2A           DB 42
   \   000018   12           DB 18
   \   000019   23           DB 35
   \   00001A   13           DB 19
   \   00001B   08           DB 8
   \   00001C   64           DB 100
   \   00001D   62           DB 98
   \   00001E   36           DB 54
   \   00001F   49           DB 73
   \   000020   55           DB 85
   \   000021   22           DB 34
   \   000022   50           DB 80
   \   000023   00           DB 0
   \   000024   05           DB 5
   \   000025   07           DB 7
   \   000026   00           DB 0
   \   000027   00           DB 0
   \   000028   00           DB 0
   \   000029   1C           DB 28
   \   00002A   22           DB 34
   \   00002B   41           DB 65
   \   00002C   00           DB 0
   \   00002D   00           DB 0
   \   00002E   41           DB 65
   \   00002F   22           DB 34
   \   000030   1C           DB 28
   \   000031   00           DB 0
   \   000032   14           DB 20
   \   000033   08           DB 8
   \   000034   3E           DB 62
   \   000035   08           DB 8
   \   000036   14           DB 20
   \   000037   08           DB 8
   \   000038   08           DB 8
   \   000039   3E           DB 62
   \   00003A   08           DB 8
   \   00003B   08           DB 8
   \   00003C   00           DB 0
   \   00003D   50           DB 80
   \   00003E   30           DB 48
   \   00003F   00           DB 0
   \   000040   00           DB 0
   \   000041   08           DB 8
   \   000042   08           DB 8
   \   000043   08           DB 8
   \   000044   08           DB 8
   \   000045   08           DB 8
   \   000046   00           DB 0
   \   000047   60           DB 96
   \   000048   60           DB 96
   \   000049   00           DB 0
   \   00004A   00           DB 0
   \   00004B   20           DB 32
   \   00004C   10           DB 16
   \   00004D   08           DB 8
   \   00004E   04           DB 4
   \   00004F   02           DB 2
   \   000050   3E           DB 62
   \   000051   51           DB 81
   \   000052   49           DB 73
   \   000053   45           DB 69
   \   000054   3E           DB 62
   \   000055   00           DB 0
   \   000056   42           DB 66
   \   000057   7F           DB 127
   \   000058   40           DB 64
   \   000059   00           DB 0
   \   00005A   42           DB 66
   \   00005B   61           DB 97
   \   00005C   51           DB 81
   \   00005D   49           DB 73
   \   00005E   46           DB 70
   \   00005F   21           DB 33
   \   000060   41           DB 65
   \   000061   45           DB 69
   \   000062   4B           DB 75
   \   000063   31           DB 49
   \   000064   18           DB 24
   \   000065   14           DB 20
   \   000066   12           DB 18
   \   000067   7F           DB 127
   \   000068   10           DB 16
   \   000069   27           DB 39
   \   00006A   45           DB 69
   \   00006B   45           DB 69
   \   00006C   45           DB 69
   \   00006D   39           DB 57
   \   00006E   3C           DB 60
   \   00006F   4A           DB 74
   \   000070   49           DB 73
   \   000071   49           DB 73
   \   000072   30           DB 48
   \   000073   01           DB 1
   \   000074   71           DB 113
   \   000075   09           DB 9
   \   000076   05           DB 5
   \   000077   03           DB 3
   \   000078   36           DB 54
   \   000079   49           DB 73
   \   00007A   49           DB 73
   \   00007B   49           DB 73
   \   00007C   36           DB 54
   \   00007D   06           DB 6
   \   00007E   49           DB 73
   \   00007F   49           DB 73
   \   000080   29           DB 41
   \   000081   1E           DB 30
   \   000082   00           DB 0
   \   000083   36           DB 54
   \   000084   36           DB 54
   \   000085   00           DB 0
   \   000086   00           DB 0
   \   000087   00           DB 0
   \   000088   56           DB 86
   \   000089   36           DB 54
   \   00008A   00           DB 0
   \   00008B   00           DB 0
   \   00008C   08           DB 8
   \   00008D   14           DB 20
   \   00008E   22           DB 34
   \   00008F   41           DB 65
   \   000090   00           DB 0
   \   000091   14           DB 20
   \   000092   14           DB 20
   \   000093   14           DB 20
   \   000094   14           DB 20
   \   000095   14           DB 20
   \   000096   00           DB 0
   \   000097   41           DB 65
   \   000098   22           DB 34
   \   000099   14           DB 20
   \   00009A   08           DB 8
   \   00009B   02           DB 2
   \   00009C   01           DB 1
   \   00009D   51           DB 81
   \   00009E   09           DB 9
   \   00009F   06           DB 6
   \   0000A0   32           DB 50
   \   0000A1   49           DB 73
   \   0000A2   79           DB 121
   \   0000A3   41           DB 65
   \   0000A4   3E           DB 62
   \   0000A5   7E           DB 126
   \   0000A6   11           DB 17
   \   0000A7   11           DB 17
   \   0000A8   11           DB 17
   \   0000A9   7E           DB 126
   \   0000AA   7F           DB 127
   \   0000AB   49           DB 73
   \   0000AC   49           DB 73
   \   0000AD   49           DB 73
   \   0000AE   36           DB 54
   \   0000AF   3E           DB 62
   \   0000B0   41           DB 65
   \   0000B1   41           DB 65
   \   0000B2   41           DB 65
   \   0000B3   22           DB 34
   \   0000B4   7F           DB 127
   \   0000B5   41           DB 65
   \   0000B6   41           DB 65
   \   0000B7   22           DB 34
   \   0000B8   1C           DB 28
   \   0000B9   7F           DB 127
   \   0000BA   49           DB 73
   \   0000BB   49           DB 73
   \   0000BC   49           DB 73
   \   0000BD   41           DB 65
   \   0000BE   7F           DB 127
   \   0000BF   09           DB 9
   \   0000C0   09           DB 9
   \   0000C1   09           DB 9
   \   0000C2   01           DB 1
   \   0000C3   3E           DB 62
   \   0000C4   41           DB 65
   \   0000C5   49           DB 73
   \   0000C6   49           DB 73
   \   0000C7   7A           DB 122
   \   0000C8   7F           DB 127
   \   0000C9   08           DB 8
   \   0000CA   08           DB 8
   \   0000CB   08           DB 8
   \   0000CC   7F           DB 127
   \   0000CD   00           DB 0
   \   0000CE   41           DB 65
   \   0000CF   7F           DB 127
   \   0000D0   41           DB 65
   \   0000D1   00           DB 0
   \   0000D2   20           DB 32
   \   0000D3   40           DB 64
   \   0000D4   41           DB 65
   \   0000D5   3F           DB 63
   \   0000D6   01           DB 1
   \   0000D7   7F           DB 127
   \   0000D8   08           DB 8
   \   0000D9   14           DB 20
   \   0000DA   22           DB 34
   \   0000DB   41           DB 65
   \   0000DC   7F           DB 127
   \   0000DD   40           DB 64
   \   0000DE   40           DB 64
   \   0000DF   40           DB 64
   \   0000E0   40           DB 64
   \   0000E1   7F           DB 127
   \   0000E2   02           DB 2
   \   0000E3   0C           DB 12
   \   0000E4   02           DB 2
   \   0000E5   7F           DB 127
   \   0000E6   7F           DB 127
   \   0000E7   04           DB 4
   \   0000E8   08           DB 8
   \   0000E9   10           DB 16
   \   0000EA   7F           DB 127
   \   0000EB   3E           DB 62
   \   0000EC   41           DB 65
   \   0000ED   41           DB 65
   \   0000EE   41           DB 65
   \   0000EF   3E           DB 62
   \   0000F0   7F           DB 127
   \   0000F1   09           DB 9
   \   0000F2   09           DB 9
   \   0000F3   09           DB 9
   \   0000F4   06           DB 6
   \   0000F5   3E           DB 62
   \   0000F6   41           DB 65
   \   0000F7   51           DB 81
   \   0000F8   21           DB 33
   \   0000F9   5E           DB 94
   \   0000FA   7F           DB 127
   \   0000FB   09           DB 9
   \   0000FC   19           DB 25
   \   0000FD   29           DB 41
   \   0000FE   46           DB 70
   \   0000FF   46           DB 70
   \   000100   49           DB 73
   \   000101   49           DB 73
   \   000102   49           DB 73
   \   000103   31           DB 49
   \   000104   01           DB 1
   \   000105   01           DB 1
   \   000106   7F           DB 127
   \   000107   01           DB 1
   \   000108   01           DB 1
   \   000109   3F           DB 63
   \   00010A   40           DB 64
   \   00010B   40           DB 64
   \   00010C   40           DB 64
   \   00010D   3F           DB 63
   \   00010E   1F           DB 31
   \   00010F   20           DB 32
   \   000110   40           DB 64
   \   000111   20           DB 32
   \   000112   1F           DB 31
   \   000113   3F           DB 63
   \   000114   40           DB 64
   \   000115   38           DB 56
   \   000116   40           DB 64
   \   000117   3F           DB 63
   \   000118   63           DB 99
   \   000119   14           DB 20
   \   00011A   08           DB 8
   \   00011B   14           DB 20
   \   00011C   63           DB 99
   \   00011D   07           DB 7
   \   00011E   08           DB 8
   \   00011F   70           DB 112
   \   000120   08           DB 8
   \   000121   07           DB 7
   \   000122   61           DB 97
   \   000123   51           DB 81
   \   000124   49           DB 73
   \   000125   45           DB 69
   \   000126   43           DB 67
   \   000127   00           DB 0
   \   000128   7F           DB 127
   \   000129   41           DB 65
   \   00012A   41           DB 65
   \   00012B   00           DB 0
   \   00012C   02           DB 2
   \   00012D   04           DB 4
   \   00012E   08           DB 8
   \   00012F   10           DB 16
   \   000130   20           DB 32
   \   000131   00           DB 0
   \   000132   41           DB 65
   \   000133   41           DB 65
   \   000134   7F           DB 127
   \   000135   00           DB 0
   \   000136   04           DB 4
   \   000137   02           DB 2
   \   000138   01           DB 1
   \   000139   02           DB 2
   \   00013A   04           DB 4
   \   00013B   40           DB 64
   \   00013C   40           DB 64
   \   00013D   40           DB 64
   \   00013E   40           DB 64
   \   00013F   40           DB 64
   \   000140   01           DB 1
   \   000141   02           DB 2
   \   000142   04           DB 4
   \   000143   00           DB 0
   \   000144   00           DB 0
   \   000145   20           DB 32
   \   000146   54           DB 84
   \   000147   54           DB 84
   \   000148   54           DB 84
   \   000149   78           DB 120
   \   00014A   7F           DB 127
   \   00014B   48           DB 72
   \   00014C   48           DB 72
   \   00014D   48           DB 72
   \   00014E   30           DB 48
   \   00014F   38           DB 56
   \   000150   44           DB 68
   \   000151   44           DB 68
   \   000152   44           DB 68
   \   000153   44           DB 68
   \   000154   30           DB 48
   \   000155   48           DB 72
   \   000156   48           DB 72
   \   000157   48           DB 72
   \   000158   7F           DB 127
   \   000159   38           DB 56
   \   00015A   54           DB 84
   \   00015B   54           DB 84
   \   00015C   54           DB 84
   \   00015D   58           DB 88
   \   00015E   00           DB 0
   \   00015F   08           DB 8
   \   000160   7E           DB 126
   \   000161   09           DB 9
   \   000162   02           DB 2
   \   000163   48           DB 72
   \   000164   54           DB 84
   \   000165   54           DB 84
   \   000166   54           DB 84
   \   000167   3C           DB 60
   \   000168   7F           DB 127
   \   000169   08           DB 8
   \   00016A   08           DB 8
   \   00016B   08           DB 8
   \   00016C   70           DB 112
   \   00016D   00           DB 0
   \   00016E   00           DB 0
   \   00016F   7A           DB 122
   \   000170   00           DB 0
   \   000171   00           DB 0
   \   000172   20           DB 32
   \   000173   40           DB 64
   \   000174   40           DB 64
   \   000175   3D           DB 61
   \   000176   00           DB 0
   \   000177   7F           DB 127
   \   000178   20           DB 32
   \   000179   28           DB 40
   \   00017A   44           DB 68
   \   00017B   00           DB 0
   \   00017C   00           DB 0
   \   00017D   41           DB 65
   \   00017E   7F           DB 127
   \   00017F   40           DB 64
   \   000180   00           DB 0
   \   000181   7C           DB 124
   \   000182   04           DB 4
   \   000183   38           DB 56
   \   000184   04           DB 4
   \   000185   7C           DB 124
   \   000186   7C           DB 124
   \   000187   08           DB 8
   \   000188   04           DB 4
   \   000189   04           DB 4
   \   00018A   78           DB 120
   \   00018B   38           DB 56
   \   00018C   44           DB 68
   \   00018D   44           DB 68
   \   00018E   44           DB 68
   \   00018F   38           DB 56
   \   000190   7C           DB 124
   \   000191   14           DB 20
   \   000192   14           DB 20
   \   000193   14           DB 20
   \   000194   08           DB 8
   \   000195   08           DB 8
   \   000196   14           DB 20
   \   000197   14           DB 20
   \   000198   14           DB 20
   \   000199   7C           DB 124
   \   00019A   7C           DB 124
   \   00019B   08           DB 8
   \   00019C   04           DB 4
   \   00019D   04           DB 4
   \   00019E   08           DB 8
   \   00019F   48           DB 72
   \   0001A0   54           DB 84
   \   0001A1   54           DB 84
   \   0001A2   54           DB 84
   \   0001A3   24           DB 36
   \   0001A4   04           DB 4
   \   0001A5   04           DB 4
   \   0001A6   3F           DB 63
   \   0001A7   44           DB 68
   \   0001A8   24           DB 36
   \   0001A9   3C           DB 60
   \   0001AA   40           DB 64
   \   0001AB   40           DB 64
   \   0001AC   40           DB 64
   \   0001AD   3C           DB 60
   \   0001AE   1C           DB 28
   \   0001AF   20           DB 32
   \   0001B0   40           DB 64
   \   0001B1   20           DB 32
   \   0001B2   1C           DB 28
   \   0001B3   3C           DB 60
   \   0001B4   40           DB 64
   \   0001B5   30           DB 48
   \   0001B6   40           DB 64
   \   0001B7   3C           DB 60
   \   0001B8   44           DB 68
   \   0001B9   28           DB 40
   \   0001BA   10           DB 16
   \   0001BB   28           DB 40
   \   0001BC   44           DB 68
   \   0001BD   04           DB 4
   \   0001BE   48           DB 72
   \   0001BF   30           DB 48
   \   0001C0   08           DB 8
   \   0001C1   04           DB 4
   \   0001C2   44           DB 68
   \   0001C3   64           DB 100
   \   0001C4   54           DB 84
   \   0001C5   4C           DB 76
   \   0001C6   44           DB 68
   \   0001C7   08           DB 8
   \   0001C8   36           DB 54
   \   0001C9   41           DB 65
   \   0001CA   41           DB 65
   \   0001CB   00           DB 0
   \   0001CC   00           DB 0
   \   0001CD   00           DB 0
   \   0001CE   77           DB 119
   \   0001CF   00           DB 0
   \   0001D0   00           DB 0
   \   0001D1   00           DB 0
   \   0001D2   41           DB 65
   \   0001D3   41           DB 65
   \   0001D4   36           DB 54
   \   0001D5   08           DB 8
   \   0001D6   04           DB 4
   \   0001D7   02           DB 2
   \   0001D8   02           DB 2
   \   0001D9   02           DB 2
   \   0001DA   01           DB 1
    171          0x00,0x00,0x00,0x00,0x00,//space
    172          0x00,0x00,0x4f,0x00,0x00,//!
    173          0x00,0x07,0x00,0x07,0x00,//"
    174          0x14,0x7f,0x14,0x7f,0x14,//#
    175          0x24,0x2a,0x7f,0x2a,0x12,//$
    176          0x23,0x13,0x08,0x64,0x62,//%
    177          0x36,0x49,0x55,0x22,0x50,//&
    178          0x00,0x05,0x07,0x00,0x00,//]
    179          0x00,0x1c,0x22,0x41,0x00,//(
    180          0x00,0x41,0x22,0x1c,0x00,//)
    181          0x14,0x08,0x3e,0x08,0x14,//*
    182          0x08,0x08,0x3e,0x08,0x08,//+
    183          0x00,0x50,0x30,0x00,0x00,//,
    184          0x08,0x08,0x08,0x08,0x08,//-
    185          0x00,0x60,0x60,0x00,0x00,//.
    186          0x20,0x10,0x08,0x04,0x02,///
    187          0x3e,0x51,0x49,0x45,0x3e,//0
    188          0x00,0x42,0x7f,0x40,0x00,//1
    189          0x42,0x61,0x51,0x49,0x46,//2
    190          0x21,0x41,0x45,0x4b,0x31,//3
    191          0x18,0x14,0x12,0x7f,0x10,//4
    192          0x27,0x45,0x45,0x45,0x39,//5
    193          0x3c,0x4a,0x49,0x49,0x30,//6
    194          0x01,0x71,0x09,0x05,0x03,//7
    195          0x36,0x49,0x49,0x49,0x36,//8
    196          0x06,0x49,0x49,0x29,0x1e,//9
    197          0x00,0x36,0x36,0x00,0x00,//:
    198          0x00,0x56,0x36,0x00,0x00,//;
    199          0x08,0x14,0x22,0x41,0x00,//<
    200          0x14,0x14,0x14,0x14,0x14,//=
    201          0x00,0x41,0x22,0x14,0x08,//>
    202          0x02,0x01,0x51,0x09,0x06,//?
    203          0x32,0x49,0x79,0x41,0x3e,//@
    204          0x7e,0x11,0x11,0x11,0x7e,//A
    205          0x7f,0x49,0x49,0x49,0x36,//B
    206          0x3e,0x41,0x41,0x41,0x22,//C
    207          0x7f,0x41,0x41,0x22,0x1c,//D
    208          0x7f,0x49,0x49,0x49,0x41,//E
    209          0x7f,0x09,0x09,0x09,0x01,//F
    210          0x3e,0x41,0x49,0x49,0x7a,//G
    211          0x7f,0x08,0x08,0x08,0x7f,//H
    212          0x00,0x41,0x7f,0x41,0x00,//I
    213          0x20,0x40,0x41,0x3f,0x01,//J
    214          0x7f,0x08,0x14,0x22,0x41,//K
    215          0x7f,0x40,0x40,0x40,0x40,//L
    216          0x7f,0x02,0x0c,0x02,0x7f,//M
    217          0x7f,0x04,0x08,0x10,0x7f,//N
    218          0x3e,0x41,0x41,0x41,0x3e,//O
    219          0x7f,0x09,0x09,0x09,0x06,//P
    220          0x3e,0x41,0x51,0x21,0x5e,//Q
    221          0x7f,0x09,0x19,0x29,0x46,//R
    222          0x46,0x49,0x49,0x49,0x31,//S
    223          0x01,0x01,0x7f,0x01,0x01,//T
    224          0x3f,0x40,0x40,0x40,0x3f,//U
    225          0x1f,0x20,0x40,0x20,0x1f,//V
    226          0x3f,0x40,0x38,0x40,0x3f,//W
    227          0x63,0x14,0x08,0x14,0x63,//X
    228          0x07,0x08,0x70,0x08,0x07,//Y
    229          0x61,0x51,0x49,0x45,0x43,//Z
    230          0x00,0x7f,0x41,0x41,0x00,//[
    231          0x02,0x04,0x08,0x10,0x20,// 斜杠
    232          0x00,0x41,0x41,0x7f,0x00,//]
    233          0x04,0x02,0x01,0x02,0x04,//^
    234          0x40,0x40,0x40,0x40,0x40,//_
    235          0x01,0x02,0x04,0x00,0x00,//`
    236          0x20,0x54,0x54,0x54,0x78,//a
    237          0x7f,0x48,0x48,0x48,0x30,//b
    238          0x38,0x44,0x44,0x44,0x44,//c
    239          0x30,0x48,0x48,0x48,0x7f,//d
    240          0x38,0x54,0x54,0x54,0x58,//e
    241          0x00,0x08,0x7e,0x09,0x02,//f
    242          0x48,0x54,0x54,0x54,0x3c,//g
    243          0x7f,0x08,0x08,0x08,0x70,//h
    244          0x00,0x00,0x7a,0x00,0x00,//i
    245          0x20,0x40,0x40,0x3d,0x00,//j
    246          0x7f,0x20,0x28,0x44,0x00,//k
    247          0x00,0x41,0x7f,0x40,0x00,//l
    248          0x7c,0x04,0x38,0x04,0x7c,//m
    249          0x7c,0x08,0x04,0x04,0x78,//n
    250          0x38,0x44,0x44,0x44,0x38,//o
    251          0x7c,0x14,0x14,0x14,0x08,//p
    252          0x08,0x14,0x14,0x14,0x7c,//q
    253          0x7c,0x08,0x04,0x04,0x08,//r
    254          0x48,0x54,0x54,0x54,0x24,//s
    255          0x04,0x04,0x3f,0x44,0x24,//t
    256          0x3c,0x40,0x40,0x40,0x3c,//u
    257          0x1c,0x20,0x40,0x20,0x1c,//v
    258          0x3c,0x40,0x30,0x40,0x3c,//w
    259          0x44,0x28,0x10,0x28,0x44,//x
    260          0x04,0x48,0x30,0x08,0x04,//y
    261          0x44,0x64,0x54,0x4c,0x44,//z
    262          0x08,0x36,0x41,0x41,0x00,//{
    263          0x00,0x00,0x77,0x00,0x00,//|
    264          0x00,0x41,0x41,0x36,0x08,//}
    265          0x04,0x02,0x02,0x02,0x01,//~
    266          };
    267          
    268          
    269          /**************************************************************************************************
    270           *                                           MACROS
    271           **************************************************************************************************/
    272          
    273          #define HAL_IO_SET(port, pin, val)        HAL_IO_SET_PREP(port, pin, val)
    274          #define HAL_IO_SET_PREP(port, pin, val)   st( P##port##_##pin## = val; )
    275          
    276          #define HAL_CONFIG_IO_OUTPUT(port, pin, val)      HAL_CONFIG_IO_OUTPUT_PREP(port, pin, val)
    277          #define HAL_CONFIG_IO_OUTPUT_PREP(port, pin, val) st( P##port##SEL &= ~BV(pin); \
    278                                                                P##port##_##pin## = val; \
    279                                                                P##port##DIR |= BV(pin); )
    280          
    281          #define HAL_CONFIG_IO_PERIPHERAL(port, pin)      HAL_CONFIG_IO_PERIPHERAL_PREP(port, pin)
    282          #define HAL_CONFIG_IO_PERIPHERAL_PREP(port, pin) st( P##port##SEL |= BV(pin); )
    283          
    284          
    285          
    286          /* SPI interface control */
    287          #define LCD_SPI_BEGIN()     HAL_IO_SET(HAL_LCD_CS_PORT,  HAL_LCD_CS_PIN,  0); /* chip select */
    288          #define LCD_SPI_END()                                                         \
    289          {                                                                             \
    290            asm("NOP");                                                                 \
    291            asm("NOP");                                                                 \
    292            asm("NOP");                                                                 \
    293            asm("NOP");                                                                 \
    294            HAL_IO_SET(HAL_LCD_CS_PORT,  HAL_LCD_CS_PIN,  1); /* chip select */         \
    295          }
    296          /* clear the received and transmit byte status, write tx data to buffer, wait till transmit done */
    297          #define LCD_SPI_TX(x)                   { U1CSR &= ~(BV(2) | BV(1)); U1DBUF = x; while( !(U1CSR & BV(1)) ); }
    298          #define LCD_SPI_WAIT_RXRDY()            { while(!(U1CSR & BV(1))); }
    299          
    300          
    301          /* Control macros */
    302          #define LCD_DO_WRITE()        HAL_IO_SET(HAL_LCD_MODE_PORT,  HAL_LCD_MODE_PIN,  1);
    303          #define LCD_DO_CONTROL()      HAL_IO_SET(HAL_LCD_MODE_PORT,  HAL_LCD_MODE_PIN,  0);
    304          
    305          //#define LCD_ACTIVATE_RESET()  HAL_IO_SET(HAL_LCD_RESET_PORT, HAL_LCD_RESET_PIN, 0);
    306          #define  LCD_ACTIVATE_RESET()   HalLcd_HW_Control(0xE2)
    307          //#define LCD_RELEASE_RESET()   HAL_IO_SET(HAL_LCD_RESET_PORT, HAL_LCD_RESET_PIN, 1);
    308          #define LCD_RELEASE_RESET()     asm("NOP")
    309          #if (HAL_LCD == TRUE)
    310          /**************************************************************************************************
    311           *                                       LOCAL VARIABLES
    312           **************************************************************************************************/
    313          typedef const char *LcdScreen;
    314          typedef struct
    315          {
    316            LcdScreen  Lcd[6];
    317            signed char header;
    318            signed char tail;
    319            uint8 lcdbuf[LCD_MAX_BUF];  //变量显示缓存
    320          }LcdCache;

   \                                 In  segment XDATA_Z, align 1, keep-with-next
    321          LcdCache LcdBuffer;
   \                     LcdBuffer:
   \   000000                DS 35
   \   000023                REQUIRE __INIT_XDATA_Z
    322          
    323          //static uint8 *Lcd_Line1;
    324          
    325          /**************************************************************************************************
    326           *                                       FUNCTIONS - API
    327           **************************************************************************************************/
    328          
    329          void HalLcd_HW_Init(void);
    330          void HalLcd_HW_WaitUs(uint16 i);
    331          void HalLcd_HW_Clear(void);
    332          void HalLcd_HW_ClearAllSpecChars(void);
    333          void HalLcd_HW_Control(uint8 cmd);
    334          void HalLcd_HW_Write(uint8 data);
    335          //void HalLcd_HW_SetContrast(uint8 value);
    336          void HalLcd_HW_WriteChar(uint8 line, uint8 col, char text);
    337          void HalLcd_HW_WriteLine(uint8 line, const char *pText);
    338          void HalLcdBufferInit(void);
    339          void set_ddram_line_col(uint8 line,uint8 col);
    340          /*
    341          作用    设置LCD 文本显示的其实行和列
    342          参数1   line,范围:0~7,即能够显示的行为1~8行，也就是lcd手册里提到的page
    343          参数2   col,范围:0~127,即lcd的总列数，显示的起始位置可以设置到每一列
    344          */

   \                                 In  segment BANKED_CODE, align 1, keep-with-next
    345          void set_ddram_line_col(uint8 line,uint8 col)
   \                     set_ddram_line_col:
    346          {
   \   000000   74F7         MOV       A,#-0x9
   \   000002   12....       LCALL     ?BANKED_ENTER_XDATA
   \   000005                ; Saved register size: 9
   \   000005                ; Auto size: 0
   \   000005   EA           MOV       A,R2
   \   000006   FF           MOV       R7,A
    347            uint8 page,coll,coll_l,coll_h;
    348            page = line;
    349            coll = col;
    350            coll_h = coll>>4;
    351            coll_l = coll&0x0f;
    352            HalLcd_HW_Control(0xB0+page);
   \   000007                ; Setup parameters for call to function HalLcd_HW_Control
   \   000007   74B0         MOV       A,#-0x50
   \   000009   29           ADD       A,R1
   \   00000A   12....       LCALL     ?Subroutine7 & 0xFFFF
    353            HalLcd_HW_WaitUs(15); // 15 us
    354            HalLcd_HW_Control(0x10+coll_h);
   \                     ??CrossCallReturnLabel_4:
   \   00000D                ; Setup parameters for call to function HalLcd_HW_Control
   \   00000D   EF           MOV       A,R7
   \   00000E   C4           SWAP      A
   \   00000F   540F         ANL       A,#0xf
   \   000011   2410         ADD       A,#0x10
   \   000013   12....       LCALL     ?Subroutine7 & 0xFFFF
    355            HalLcd_HW_WaitUs(15); // 15 us
    356            HalLcd_HW_Control(0x00+coll_l);
   \                     ??CrossCallReturnLabel_5:
   \   000016                ; Setup parameters for call to function HalLcd_HW_Control
   \   000016   740F         MOV       A,#0xf
   \   000018   5F           ANL       A,R7
   \   000019   12....       LCALL     ?Subroutine7 & 0xFFFF
    357            HalLcd_HW_WaitUs(15); // 15 us
    358            
    359          }
   \                     ??CrossCallReturnLabel_6:
   \   00001C   02....       LJMP      ?Subroutine0 & 0xFFFF

   \                                 In  segment BANKED_CODE, align 1, keep-with-next
   \                     ?Subroutine7:
   \   000000   F9           MOV       R1,A
   \   000001   12....       LCALL     `??HalLcd_HW_Control::?relay`; Banked call to: HalLcd_HW_Control
   \   000004                ; Setup parameters for call to function HalLcd_HW_WaitUs
   \   000004                ; Setup parameters for call to function HalLcd_HW_WaitUs
   \   000004                ; Setup parameters for call to function HalLcd_HW_WaitUs
   \   000004   7A0F         MOV       R2,#0xf
   \   000006   7B00         MOV       R3,#0x0
   \   000008   12....       LCALL     `??HalLcd_HW_WaitUs::?relay`; Banked call to: HalLcd_HW_WaitUs
   \   00000B   22           RET

   \                                 In  segment BANKED_CODE, align 1, keep-with-next
   \                     ?Subroutine0:
   \   000000   7F01         MOV       R7,#0x1
   \   000002   02....       LJMP      ?BANKED_LEAVE_XDATA
    360          
    361          #endif //LCD
    362          /******************************************************************************
    363          *名    称：HalLcdBufferInit
    364          *功    能：初始化LCDBUFFER 为初始值
    365          *入口参数：无
    366          *出口参数：无
    367          *返回值  ：无
    368          *******************************************************************************/

   \                                 In  segment BANKED_CODE, align 1, keep-with-next
    369          void HalLcdBufferInit(void)
   \                     HalLcdBufferInit:
    370          {
   \   000000   C082         PUSH      DPL
   \   000002   C083         PUSH      DPH
   \   000004                ; Saved register size: 2
   \   000004                ; Auto size: 0
    371            uint8 i;
    372            for(i=0;i < 6;i++ )
   \   000004   7A00         MOV       R2,#0x0
    373            {
    374              LcdBuffer.Lcd[i] = NULL;
   \                     ??HalLcdBufferInit_0:
   \   000006   EA           MOV       A,R2
   \   000007   12....       LCALL     ?Subroutine8 & 0xFFFF
    375            }
   \                     ??CrossCallReturnLabel_7:
   \   00000A   E4           CLR       A
   \   00000B   F0           MOVX      @DPTR,A
   \   00000C   A3           INC       DPTR
   \   00000D   F0           MOVX      @DPTR,A
   \   00000E   0A           INC       R2
   \   00000F   EA           MOV       A,R2
   \   000010   C3           CLR       C
   \   000011   9406         SUBB      A,#0x6
   \   000013   40F1         JC        ??HalLcdBufferInit_0
    376            LcdBuffer.lcdbuf[0] = '\0';
   \   000015   90....       MOV       DPTR,#LcdBuffer + 14
   \   000018   E4           CLR       A
   \   000019   F0           MOVX      @DPTR,A
    377            LcdBuffer.header = 0;
   \   00001A   90....       MOV       DPTR,#LcdBuffer + 12
   \   00001D   F0           MOVX      @DPTR,A
    378            LcdBuffer.tail = 0;
   \   00001E   A3           INC       DPTR
   \   00001F   F0           MOVX      @DPTR,A
    379          }
   \   000020   02....       LJMP      ?Subroutine1 & 0xFFFF

   \                                 In  segment BANKED_CODE, align 1, keep-with-next
   \                     ?Subroutine8:
   \   000000   25E0         ADD       A,0xE0 /* A   */
   \   000002   F8           MOV       R0,A
   \   000003   E4           CLR       A
   \   000004   12....       LCALL     ?Subroutine19 & 0xFFFF
   \                     ??CrossCallReturnLabel_28:
   \   000007   22           RET

   \                                 In  segment BANKED_CODE, align 1, keep-with-next
   \                     ?Subroutine19:
   \   000000   33           RLC       A
   \   000001   F9           MOV       R1,A
   \   000002   74..         MOV       A,#LcdBuffer & 0xff
   \   000004   28           ADD       A,R0
   \   000005   F582         MOV       DPL,A
   \   000007   74..         MOV       A,#(LcdBuffer >> 8) & 0xff
   \   000009   39           ADDC      A,R1
   \   00000A   F583         MOV       DPH,A
   \   00000C   22           RET

   \                                 In  segment BANKED_CODE, align 1, keep-with-next
   \                     ?Subroutine1:
   \   000000   D083         POP       DPH
   \   000002   D082         POP       DPL
   \   000004   02....       LJMP      ?BRET
    380          /******************************************************************************
    381          *名    称：HalLcdBufferAdd
    382          *功    能：向显示缓存中增加显示条目
    383          *入口参数：要显示的条目，将出现在动态条目的最后一行
    384          *出口参数：无
    385          *返回值  ：无
    386          *******************************************************************************/

   \                                 In  segment BANKED_CODE, align 1, keep-with-next
    387          void HalLcdBufferAdd(const char *str)
   \                     HalLcdBufferAdd:
    388          {
   \   000000   C082         PUSH      DPL
   \   000002   C083         PUSH      DPH
   \   000004                ; Saved register size: 2
   \   000004                ; Auto size: 0
    389            LcdBuffer.Lcd[LcdBuffer.tail++] = str;    //向显存的尾部添加显示数值指针
   \   000004   90....       MOV       DPTR,#LcdBuffer + 13
   \   000007   E0           MOVX      A,@DPTR
   \   000008   F8           MOV       R0,A
   \   000009   33           RLC       A
   \   00000A   95E0         SUBB      A,0xE0 /* A   */
   \   00000C   F9           MOV       R1,A
   \   00000D   E8           MOV       A,R0
   \   00000E   28           ADD       A,R0
   \   00000F   F8           MOV       R0,A
   \   000010   E9           MOV       A,R1
   \   000011   12....       LCALL     ?Subroutine19 & 0xFFFF
   \                     ??CrossCallReturnLabel_27:
   \   000014   EA           MOV       A,R2
   \   000015   F0           MOVX      @DPTR,A
   \   000016   A3           INC       DPTR
   \   000017   EB           MOV       A,R3
   \   000018   F0           MOVX      @DPTR,A
   \   000019   90....       MOV       DPTR,#LcdBuffer + 13
   \   00001C   E0           MOVX      A,@DPTR
   \   00001D   04           INC       A
   \   00001E   F0           MOVX      @DPTR,A
    390            if(LcdBuffer.tail == 6)                   //调整显存指针
   \   00001F   6406         XRL       A,#0x6
   \   000021   7002         JNZ       ??HalLcdBufferAdd_0
    391            {
    392              LcdBuffer.tail = 0;
   \   000023   E4           CLR       A
   \   000024   F0           MOVX      @DPTR,A
    393            }
    394            if(LcdBuffer.header == LcdBuffer.tail)
   \                     ??HalLcdBufferAdd_0:
   \   000025   90....       MOV       DPTR,#LcdBuffer + 12
   \   000028   E0           MOVX      A,@DPTR
   \   000029   F8           MOV       R0,A
   \   00002A   A3           INC       DPTR
   \   00002B   E0           MOVX      A,@DPTR
   \   00002C   68           XRL       A,R0
   \   00002D   700C         JNZ       ??HalLcdBufferAdd_1
    395            {
    396               LcdBuffer.header++;
   \   00002F   90....       MOV       DPTR,#LcdBuffer + 12
   \   000032   E0           MOVX      A,@DPTR
   \   000033   04           INC       A
   \   000034   F0           MOVX      @DPTR,A
    397               if(LcdBuffer.header == 6)
   \   000035   6406         XRL       A,#0x6
   \   000037   7002         JNZ       ??HalLcdBufferAdd_1
    398               {
    399                LcdBuffer.header = 0; 
   \   000039   E4           CLR       A
   \   00003A   F0           MOVX      @DPTR,A
    400               }
    401            }
    402          }
   \                     ??HalLcdBufferAdd_1:
   \   00003B   02....       LJMP      ?Subroutine1 & 0xFFFF
    403          /******************************************************************************
    404          *名    称：HalLcdDisplayRoll
    405          *功    能：显示LCD缓存中的数据
    406          *入口参数：无
    407          *出口参数：无
    408          *返回值  ：无
    409          *******************************************************************************/

   \                                 In  segment BANKED_CODE, align 1, keep-with-next
    410          void HalLcdDisplayRoll(void)
   \                     HalLcdDisplayRoll:
    411          {
   \   000000   74F7         MOV       A,#-0x9
   \   000002   12....       LCALL     ?BANKED_ENTER_XDATA
   \   000005                ; Saved register size: 9
   \   000005                ; Auto size: 0
    412            uint8 i,j;
    413            j = 0;
   \   000005   7F00         MOV       R7,#0x0
    414            i = LcdBuffer.header;
   \   000007   90....       MOV       DPTR,#LcdBuffer + 12
   \   00000A   E0           MOVX      A,@DPTR
   \   00000B   FE           MOV       R6,A
    415            do                                        //以显存的头指针向尾指针的顺序
    416            {                                         //显示显存中的数值
    417              j++;
   \                     ??HalLcdDisplayRoll_0:
   \   00000C   0F           INC       R7
    418              HalLcd_HW_WriteLine(j, LcdBuffer.Lcd[i]);    
   \   00000D                ; Setup parameters for call to function HalLcd_HW_WriteLine
   \   00000D   EE           MOV       A,R6
   \   00000E   12....       LCALL     ?Subroutine8 & 0xFFFF
   \                     ??CrossCallReturnLabel_8:
   \   000011   E0           MOVX      A,@DPTR
   \   000012   FA           MOV       R2,A
   \   000013   A3           INC       DPTR
   \   000014   E0           MOVX      A,@DPTR
   \   000015   FB           MOV       R3,A
   \   000016   EF           MOV       A,R7
   \   000017   F9           MOV       R1,A
   \   000018   12....       LCALL     `??HalLcd_HW_WriteLine::?relay`; Banked call to: HalLcd_HW_WriteLine
    419              i++;
   \   00001B   0E           INC       R6
    420              if(i== 6)
   \   00001C   7406         MOV       A,#0x6
   \   00001E   6E           XRL       A,R6
   \   00001F   7002         JNZ       ??HalLcdDisplayRoll_1
    421              {
    422               i = 0; 
   \   000021   7E00         MOV       R6,#0x0
    423              }
    424              
    425            }while(!(i == LcdBuffer.tail));
   \                     ??HalLcdDisplayRoll_1:
   \   000023   EE           MOV       A,R6
   \   000024   FA           MOV       R2,A
   \   000025   90....       MOV       DPTR,#LcdBuffer + 13
   \   000028   E0           MOVX      A,@DPTR
   \   000029   F8           MOV       R0,A
   \   00002A   33           RLC       A
   \   00002B   95E0         SUBB      A,0xE0 /* A   */
   \   00002D   F9           MOV       R1,A
   \   00002E   E8           MOV       A,R0
   \   00002F   6A           XRL       A,R2
   \   000030   49           ORL       A,R1
   \   000031   70D9         JNZ       ??HalLcdDisplayRoll_0
    426          }
   \   000033   02....       LJMP      ?Subroutine0 & 0xFFFF
    427          /******************************************************************************
    428          *名    称：HalLcdBufferAddFix
    429          *功    能：向显存中添加显示数据
    430          *入口参数：无
    431          *出口参数：无
    432          *返回值  ：无
    433          *******************************************************************************/

   \                                 In  segment BANKED_CODE, align 1, keep-with-next
    434          void HalLcdBufferAddFix(const char *str,uint16 value, uint8 format,uint8 offset)
   \                     HalLcdBufferAddFix:
    435          {
   \   000000                REQUIRE ?V0
   \   000000                REQUIRE ?V1
   \   000000                REQUIRE ?V2
   \   000000                REQUIRE ?V3
   \   000000                REQUIRE ?V4
   \   000000   74F3         MOV       A,#-0xd
   \   000002   12....       LCALL     ?BANKED_ENTER_XDATA
   \   000005                ; Saved register size: 13
   \   000005                ; Auto size: 0
   \   000005   12....       LCALL     ?Subroutine15 & 0xFFFF
    436            uint8 tmpLen;
    437            uint32 err;
    438            
    439            //将数值转化成字符串
    440            tmpLen = (uint8)osal_strlen( (char*)str );
    441            osal_memcpy( LcdBuffer.lcdbuf, str, tmpLen );
   \                     ??CrossCallReturnLabel_19:
   \   000008   12....       LCALL     ?PUSH_XSTACK_I_THREE
   \   00000B   AC..         MOV       R4,?V3
   \   00000D   7D00         MOV       R5,#0x0
   \   00000F   7A..         MOV       R2,#(LcdBuffer + 14) & 0xff
   \   000011   7B..         MOV       R3,#((LcdBuffer + 14) >> 8) & 0xff
   \   000013   12....       LCALL     ?Subroutine16 & 0xFFFF
   \                     ??CrossCallReturnLabel_21:
   \   000016   12....       LCALL     ?DEALLOC_XSTACK8
    442            LcdBuffer.lcdbuf[tmpLen] = ' ';
   \   000019   A8..         MOV       R0,?V3
   \   00001B   74..         MOV       A,#LcdBuffer & 0xff
   \   00001D   28           ADD       A,R0
   \   00001E   F8           MOV       R0,A
   \   00001F   E4           CLR       A
   \   000020   34..         ADDC      A,#(LcdBuffer >> 8) & 0xff
   \   000022   F9           MOV       R1,A
   \   000023   E8           MOV       A,R0
   \   000024   240E         ADD       A,#0xe
   \   000026   F582         MOV       DPL,A
   \   000028   E4           CLR       A
   \   000029   39           ADDC      A,R1
   \   00002A   F583         MOV       DPH,A
   \   00002C   7420         MOV       A,#0x20
   \   00002E   F0           MOVX      @DPTR,A
    443            err = (uint32)(value);
    444            _ltoa( err, &LcdBuffer.lcdbuf[tmpLen+1], format );
   \   00002F                ; Setup parameters for call to function _ltoa
   \   00002F   E8           MOV       A,R0
   \   000030   240F         ADD       A,#0xf
   \   000032   F5..         MOV       ?V0,A
   \   000034   E4           CLR       A
   \   000035   39           ADDC      A,R1
   \   000036   F5..         MOV       ?V1,A
   \   000038   78..         MOV       R0,#?V0
   \   00003A   12....       LCALL     ?PUSH_XSTACK_I_TWO
   \   00003D   12....       LCALL     ?Subroutine13 & 0xFFFF
   \                     ??CrossCallReturnLabel_37:
   \   000040   12....       LCALL     ?DEALLOC_XSTACK8
   \   000043   740D         MOV       A,#0xd
   \   000045   12....       LCALL     ?XSTACK_DISP0_8
   \   000048   E0           MOVX      A,@DPTR
   \   000049   F8           MOV       R0,A
    445          
    446            if(offset > 4)
   \   00004A   C3           CLR       C
   \   00004B   9405         SUBB      A,#0x5
   \   00004D   4002         JC        ??HalLcdBufferAddFix_0
    447            {
    448              offset = 4; 
   \   00004F   7804         MOV       R0,#0x4
    449            }
    450            LcdBuffer.Lcd[(LcdBuffer.tail - (offset+1)+6) % 6] =( const char *) LcdBuffer.lcdbuf;
   \                     ??HalLcdBufferAddFix_0:
   \   000051   90....       MOV       DPTR,#LcdBuffer + 13
   \   000054   E0           MOVX      A,@DPTR
   \   000055   FA           MOV       R2,A
   \   000056   33           RLC       A
   \   000057   95E0         SUBB      A,0xE0 /* A   */
   \   000059   FB           MOV       R3,A
   \   00005A   EA           MOV       A,R2
   \   00005B   C3           CLR       C
   \   00005C   98           SUBB      A,R0
   \   00005D   F8           MOV       R0,A
   \   00005E   EB           MOV       A,R3
   \   00005F   9400         SUBB      A,#0x0
   \   000061   F9           MOV       R1,A
   \   000062   E8           MOV       A,R0
   \   000063   2405         ADD       A,#0x5
   \   000065   F8           MOV       R0,A
   \   000066   5001         JNC       ??HalLcdBufferAddFix_1
   \   000068   09           INC       R1
   \                     ??HalLcdBufferAddFix_1:
   \   000069   7A06         MOV       R2,#0x6
   \   00006B   7B00         MOV       R3,#0x0
   \   00006D   12....       LCALL     ?S_DIV_MOD
   \   000070   EA           MOV       A,R2
   \   000071   2A           ADD       A,R2
   \   000072   FA           MOV       R2,A
   \   000073   EB           MOV       A,R3
   \   000074   33           RLC       A
   \   000075   FB           MOV       R3,A
   \   000076   74..         MOV       A,#LcdBuffer & 0xff
   \   000078   2A           ADD       A,R2
   \   000079   F582         MOV       DPL,A
   \   00007B   74..         MOV       A,#(LcdBuffer >> 8) & 0xff
   \   00007D   3B           ADDC      A,R3
   \   00007E   F583         MOV       DPH,A
   \   000080   74..         MOV       A,#(LcdBuffer + 14) & 0xff
   \   000082   F0           MOVX      @DPTR,A
   \   000083   A3           INC       DPTR
   \   000084   74..         MOV       A,#((LcdBuffer + 14) >> 8) & 0xff
   \   000086   F0           MOVX      @DPTR,A
    451            
    452          }
   \   000087   02....       LJMP      ??Subroutine21_0 & 0xFFFF

   \                                 In  segment BANKED_CODE, align 1, keep-with-next
   \                     ??Subroutine21_0:
   \   000000   7F05         MOV       R7,#0x5
   \   000002   02....       LJMP      ?BANKED_LEAVE_XDATA

   \                                 In  segment BANKED_CODE, align 1, keep-with-next
   \                     ?Subroutine15:
   \   000000   12....       LCALL     ?Subroutine18 & 0xFFFF
   \                     ??CrossCallReturnLabel_29:
   \   000003                ; Setup parameters for call to function osal_memcpy
   \   000003                ; Setup parameters for call to function osal_memcpy
   \   000003   75..00       MOV       ?V2,#0x0
   \   000006   78..         MOV       R0,#?V0
   \   000008   22           RET

   \                                 In  segment BANKED_CODE, align 1, keep-with-next
   \                     ?Subroutine18:
   \   000000   8A..         MOV       ?V0,R2
   \   000002   8B..         MOV       ?V1,R3
   \   000004   EC           MOV       A,R4
   \   000005   FE           MOV       R6,A
   \   000006   ED           MOV       A,R5
   \   000007   FF           MOV       R7,A
   \   000008   89..         MOV       ?V4,R1
   \   00000A                ; Setup parameters for call to function osal_strlen
   \   00000A                ; Setup parameters for call to function osal_strlen
   \   00000A                ; Setup parameters for call to function osal_strlen
   \   00000A                REQUIRE ??Subroutine22_0
   \   00000A                ; // Fall through to label ??Subroutine22_0

   \                                 In  segment BANKED_CODE, align 1, keep-with-next
   \                     ??Subroutine22_0:
   \   000000   12....       LCALL     `??osal_strlen::?relay`; Banked call to: osal_strlen
   \   000003   EA           MOV       A,R2
   \   000004   F5..         MOV       ?V3,A
   \   000006   22           RET

   \                                 In  segment BANKED_CODE, align 1, keep-with-next
   \                     ?Subroutine16:
   \   000000   12....       LCALL     `??osal_memcpy::?relay`; Banked call to: osal_memcpy
   \   000003   7403         MOV       A,#0x3
   \   000005   22           RET

   \                                 In  segment BANKED_CODE, align 1, keep-with-next
   \                     ?Subroutine13:
   \   000000   A9..         MOV       R1,?V4
   \   000002   8E..         MOV       ?V0,R6
   \   000004   8F..         MOV       ?V1,R7
   \   000006   AA..         MOV       R2,?V0
   \   000008   AB..         MOV       R3,?V1
   \   00000A                REQUIRE ??Subroutine24_0
   \   00000A                ; // Fall through to label ??Subroutine24_0

   \                                 In  segment BANKED_CODE, align 1, keep-with-next
   \                     ??Subroutine24_0:
   \   000000   E4           CLR       A
   \   000001                REQUIRE ??Subroutine25_0
   \   000001                ; // Fall through to label ??Subroutine25_0

   \                                 In  segment BANKED_CODE, align 1, keep-with-next
   \                     ??Subroutine25_0:
   \   000000   FC           MOV       R4,A
   \   000001   FD           MOV       R5,A
   \   000002                REQUIRE ??Subroutine26_0
   \   000002                ; // Fall through to label ??Subroutine26_0

   \                                 In  segment BANKED_CODE, align 1, keep-with-next
   \                     ??Subroutine26_0:
   \   000000   12....       LCALL     `??_ltoa::?relay`; Banked call to: _ltoa
   \   000003   7402         MOV       A,#0x2
   \   000005   22           RET
    453          /**************************************************************************************************
    454           * @fn      HalLcdInit
    455           *
    456           * @brief   Initilize LCD Service
    457           *
    458           * @param   init - pointer to void that contains the initialized value
    459           *
    460           * @return  None
    461           **************************************************************************************************/

   \                                 In  segment BANKED_CODE, align 1, keep-with-next
    462          void HalLcdInit(void)
   \                     HalLcdInit:
    463          {
   \   000000   C082         PUSH      DPL
   \   000002   C083         PUSH      DPH
   \   000004                ; Saved register size: 2
   \   000004                ; Auto size: 0
    464          #if (HAL_LCD == TRUE)
    465          //  Lcd_Line1 = NULL;
    466            HalLcd_HW_Init();
   \   000004                ; Setup parameters for call to function HalLcd_HW_Init
   \   000004   12....       LCALL     `??HalLcd_HW_Init::?relay`; Banked call to: HalLcd_HW_Init
    467          #endif
    468          }
   \   000007                REQUIRE ?Subroutine1
   \   000007                ; // Fall through to label ?Subroutine1
    469          
    470          /*************************************************************************************************
    471           *                    LCD EMULATION FUNCTIONS
    472           *
    473           * Some evaluation boards are equipped with Liquid Crystal Displays
    474           * (LCD) which may be used to display diagnostic information. These
    475           * functions provide LCD emulation, sending the diagnostic strings
    476           * to Z-Tool via the RS232 serial port. These functions are enabled
    477           * when the "LCD_SUPPORTED" compiler flag is placed in the makefile.
    478           *
    479           * Most applications update both lines (1 and 2) of the LCD whenever
    480           * text is posted to the device. This emulator assumes that line 1 is
    481           * updated first (saved locally) and the formatting and send operation
    482           * is triggered by receipt of line 2. Nothing will be transmitted if
    483           * only line 1 is updated.
    484           *
    485           *************************************************************************************************/
    486          
    487          
    488          /**************************************************************************************************
    489           * @fn      HalLcdWriteString
    490           *
    491           * @brief   Write a string to the LCD
    492           *
    493           * @param   str    - pointer to the string that will be displayed
    494           *          option - display options
    495           *
    496           * @return  None
    497           **************************************************************************************************/

   \                                 In  segment BANKED_CODE, align 1, keep-with-next
    498          void HalLcdWriteString ( char *str, uint8 option)
   \                     HalLcdWriteString:
    499          {
   \   000000   74F7         MOV       A,#-0x9
   \   000002   12....       LCALL     ?BANKED_ENTER_XDATA
   \   000005                ; Saved register size: 9
   \   000005                ; Auto size: 0
    500          #if (HAL_LCD == TRUE)
    501            /* Display the string */
    502            HalLcd_HW_WriteLine (option, str);
   \   000005                ; Setup parameters for call to function HalLcd_HW_WriteLine
   \   000005   12....       LCALL     `??HalLcd_HW_WriteLine::?relay`; Banked call to: HalLcd_HW_WriteLine
    503          
    504          #endif //HAL_LCD
    505          
    506          }
   \   000008                REQUIRE ?Subroutine0
   \   000008                ; // Fall through to label ?Subroutine0
    507          
    508          /**************************************************************************************************
    509           * @fn      HalLcdWriteValue
    510           *
    511           * @brief   Write a value to the LCD
    512           *
    513           * @param   value  - value that will be displayed
    514           *          radix  - 8, 10, 16
    515           *          option - display options
    516           *
    517           * @return  None
    518           **************************************************************************************************/

   \                                 In  segment BANKED_CODE, align 1, keep-with-next
    519          void HalLcdWriteValue ( uint32 value, const uint8 radix, uint8 option)
   \                     HalLcdWriteValue:
    520          {
   \   000000                REQUIRE ?V0
   \   000000                REQUIRE ?V1
   \   000000                REQUIRE ?V2
   \   000000                REQUIRE ?V3
   \   000000                REQUIRE ?V4
   \   000000                REQUIRE ?V5
   \   000000   74F2         MOV       A,#-0xe
   \   000002   12....       LCALL     ?BANKED_ENTER_XDATA
   \   000005                ; Saved register size: 14
   \   000005                ; Auto size: 21
   \   000005   74EB         MOV       A,#-0x15
   \   000007   12....       LCALL     ?ALLOC_XSTACK8
   \   00000A   E9           MOV       A,R1
   \   00000B   FE           MOV       R6,A
    521          #if (HAL_LCD == TRUE)
    522            uint8 buf[LCD_MAX_BUF];
    523          
    524            _ltoa( value, &buf[0], radix );
   \   00000C                ; Setup parameters for call to function _ltoa
   \   00000C   A8..         MOV       R0,?XSP + 0
   \   00000E   A9..         MOV       R1,?XSP + 1
   \   000010   88..         MOV       ?V4,R0
   \   000012   89..         MOV       ?V5,R1
   \   000014   78..         MOV       R0,#?V4
   \   000016   12....       LCALL     ?PUSH_XSTACK_I_TWO
   \   000019   EE           MOV       A,R6
   \   00001A   F9           MOV       R1,A
   \   00001B   12....       LCALL     ??Subroutine26_0 & 0xFFFF
   \                     ??CrossCallReturnLabel_42:
   \   00001E   12....       LCALL     ?DEALLOC_XSTACK8
    525            HalLcdWriteString( (char*)buf, option );
   \   000021                ; Setup parameters for call to function HalLcdWriteString
   \   000021   7423         MOV       A,#0x23
   \   000023   12....       LCALL     ?XSTACK_DISP0_8
   \   000026   12....       LCALL     ?Subroutine14 & 0xFFFF
    526          #endif
    527          }
   \                     ??CrossCallReturnLabel_17:
   \   000029   12....       LCALL     ?DEALLOC_XSTACK8
   \   00002C   7F06         MOV       R7,#0x6
   \   00002E   02....       LJMP      ?BANKED_LEAVE_XDATA

   \                                 In  segment BANKED_CODE, align 1, keep-with-next
   \                     ?Subroutine14:
   \   000000   E0           MOVX      A,@DPTR
   \   000001   F9           MOV       R1,A
   \   000002   AA..         MOV       R2,?XSP + 0
   \   000004   AB..         MOV       R3,?XSP + 1
   \   000006   12....       LCALL     `??HalLcdWriteString::?relay`; Banked call to: HalLcdWriteString
   \   000009   7415         MOV       A,#0x15
   \   00000B   22           RET
    528          
    529          /**************************************************************************************************
    530           * @fn      HalLcdWriteScreen
    531           *
    532           * @brief   Write a value to the LCD
    533           *
    534           * @param   line1  - string that will be displayed on line 1
    535           *          line2  - string that will be displayed on line 2
    536           *
    537           * @return  None
    538           **************************************************************************************************/

   \                                 In  segment BANKED_CODE, align 1, keep-with-next
    539          void HalLcdWriteScreen( char *line1, char *line2 )
   \                     HalLcdWriteScreen:
    540          {
   \   000000   74F7         MOV       A,#-0x9
   \   000002   12....       LCALL     ?BANKED_ENTER_XDATA
   \   000005                ; Saved register size: 9
   \   000005                ; Auto size: 0
   \   000005   EC           MOV       A,R4
   \   000006   FE           MOV       R6,A
   \   000007   ED           MOV       A,R5
   \   000008   FF           MOV       R7,A
    541          #if (HAL_LCD == TRUE)
    542            HalLcdWriteString( line1, 1 );
   \   000009                ; Setup parameters for call to function HalLcdWriteString
   \   000009   7901         MOV       R1,#0x1
   \   00000B   12....       LCALL     `??HalLcdWriteString::?relay`; Banked call to: HalLcdWriteString
    543            HalLcdWriteString( line2, 2 );
   \   00000E                ; Setup parameters for call to function HalLcdWriteString
   \   00000E   7902         MOV       R1,#0x2
   \   000010   EE           MOV       A,R6
   \   000011   FA           MOV       R2,A
   \   000012   EF           MOV       A,R7
   \   000013   FB           MOV       R3,A
   \   000014   12....       LCALL     `??HalLcdWriteString::?relay`; Banked call to: HalLcdWriteString
    544          #endif
    545          }
   \   000017   80..         SJMP      ?Subroutine0
    546          
    547          /**************************************************************************************************
    548           * @fn      HalLcdWriteStringValue
    549           *
    550           * @brief   Write a string followed by a value to the LCD
    551           *
    552           * @param   title  - Title that will be displayed before the value
    553           *          value  - value
    554           *          format - redix
    555           *          line   - line number
    556           *
    557           * @return  None
    558           **************************************************************************************************/

   \                                 In  segment BANKED_CODE, align 1, keep-with-next
    559          void HalLcdWriteStringValue( char *title, uint16 value, uint8 format, uint8 line )
   \                     HalLcdWriteStringValue:
    560          {
   \   000000                REQUIRE ?V0
   \   000000                REQUIRE ?V1
   \   000000                REQUIRE ?V2
   \   000000                REQUIRE ?V3
   \   000000                REQUIRE ?V4
   \   000000   74F3         MOV       A,#-0xd
   \   000002   12....       LCALL     ?BANKED_ENTER_XDATA
   \   000005                ; Saved register size: 13
   \   000005                ; Auto size: 21
   \   000005   74EB         MOV       A,#-0x15
   \   000007   12....       LCALL     ?ALLOC_XSTACK8
   \   00000A   12....       LCALL     ?Subroutine15 & 0xFFFF
    561          #if (HAL_LCD == TRUE)
    562            uint8 tmpLen;
    563            uint8 buf[LCD_MAX_BUF];
    564            uint32 err;
    565          
    566            tmpLen = (uint8)osal_strlen( (char*)title );
    567            osal_memcpy( buf, title, tmpLen );
   \                     ??CrossCallReturnLabel_20:
   \   00000D   12....       LCALL     ?PUSH_XSTACK_I_THREE
   \   000010   AC..         MOV       R4,?V3
   \   000012   7D00         MOV       R5,#0x0
   \   000014   7403         MOV       A,#0x3
   \   000016   12....       LCALL     ?XSTACK_DISP101_8
   \   000019   12....       LCALL     ?Subroutine16 & 0xFFFF
   \                     ??CrossCallReturnLabel_22:
   \   00001C   12....       LCALL     ?DEALLOC_XSTACK8
    568            buf[tmpLen] = ' ';
   \   00001F   12....       LCALL     ?Subroutine6 & 0xFFFF
    569            err = (uint32)(value);
    570            _ltoa( err, &buf[tmpLen+1], format );
   \                     ??CrossCallReturnLabel_33:
   \   000022                ; Setup parameters for call to function _ltoa
   \   000022   A3           INC       DPTR
   \   000023   8582..       MOV       ?V0,DPL
   \   000026   8583..       MOV       ?V1,DPH
   \   000029   78..         MOV       R0,#?V0
   \   00002B   12....       LCALL     ?PUSH_XSTACK_I_TWO
   \   00002E   12....       LCALL     ?Subroutine13 & 0xFFFF
   \                     ??CrossCallReturnLabel_38:
   \   000031   12....       LCALL     ?DEALLOC_XSTACK8
    571            HalLcdWriteString( (char*)buf, line );		
   \   000034                ; Setup parameters for call to function HalLcdWriteString
   \   000034   7422         MOV       A,#0x22
   \   000036                REQUIRE ?Subroutine3
   \   000036                ; // Fall through to label ?Subroutine3
    572          #endif
    573          }

   \                                 In  segment BANKED_CODE, align 1, keep-with-next
   \                     ?Subroutine3:
   \   000000   12....       LCALL     ?XSTACK_DISP0_8
   \   000003   12....       LCALL     ?Subroutine14 & 0xFFFF
   \                     ??CrossCallReturnLabel_18:
   \   000006   12....       LCALL     ?DEALLOC_XSTACK8
   \   000009                REQUIRE ??Subroutine21_0
   \   000009                ; // Fall through to label ??Subroutine21_0

   \                                 In  segment BANKED_CODE, align 1, keep-with-next
   \                     ?Subroutine6:
   \   000000   A8..         MOV       R0,?V3
   \   000002                REQUIRE ??Subroutine23_0
   \   000002                ; // Fall through to label ??Subroutine23_0

   \                                 In  segment BANKED_CODE, align 1, keep-with-next
   \                     ??Subroutine23_0:
   \   000000   12....       LCALL     ?Subroutine20 & 0xFFFF
   \                     ??CrossCallReturnLabel_36:
   \   000003   7420         MOV       A,#0x20
   \   000005   F0           MOVX      @DPTR,A
   \   000006   22           RET

   \                                 In  segment BANKED_CODE, align 1, keep-with-next
   \                     ?Subroutine20:
   \   000000   85..82       MOV       DPL,?XSP + 0
   \   000003   85..83       MOV       DPH,?XSP + 1
   \   000006   E582         MOV       A,DPL
   \   000008   28           ADD       A,R0
   \   000009   F582         MOV       DPL,A
   \   00000B   E4           CLR       A
   \   00000C   3583         ADDC      A,DPH
   \   00000E   F583         MOV       DPH,A
   \   000010   22           RET
    574          
    575          /**************************************************************************************************
    576           * @fn      HalLcdWriteStringValue
    577           *
    578           * @brief   Write a string followed by a value to the LCD
    579           *
    580           * @param   title   - Title that will be displayed before the value
    581           *          value1  - value #1
    582           *          format1 - redix of value #1
    583           *          value2  - value #2
    584           *          format2 - redix of value #2
    585           *          line    - line number
    586           *
    587           * @return  None
    588           **************************************************************************************************/

   \                                 In  segment BANKED_CODE, align 1, keep-with-next
    589          void HalLcdWriteStringValueValue( char *title, uint16 value1, uint8 format1,
   \                     HalLcdWriteStringValueValue:
    590                                            uint16 value2, uint8 format2, uint8 line )
    591          {
   \   000000                REQUIRE ?V0
   \   000000                REQUIRE ?V1
   \   000000                REQUIRE ?V2
   \   000000                REQUIRE ?V3
   \   000000                REQUIRE ?V4
   \   000000   74F3         MOV       A,#-0xd
   \   000002   12....       LCALL     ?BANKED_ENTER_XDATA
   \   000005                ; Saved register size: 13
   \   000005                ; Auto size: 21
   \   000005   74EB         MOV       A,#-0x15
   \   000007   12....       LCALL     ?ALLOC_XSTACK8
   \   00000A   12....       LCALL     ?Subroutine18 & 0xFFFF
    592          
    593          #if (HAL_LCD == TRUE)
    594          
    595            uint8 tmpLen;
    596            uint8 buf[LCD_MAX_BUF];
    597            uint32 err;
    598          
    599            tmpLen = (uint8)osal_strlen( (char*)title );
    600            if ( tmpLen )
   \                     ??CrossCallReturnLabel_30:
   \   00000D   601C         JZ        ??HalLcdWriteStringValueValue_0
    601            {
    602              osal_memcpy( buf, title, tmpLen );
   \   00000F                ; Setup parameters for call to function osal_memcpy
   \   00000F   75..00       MOV       ?V2,#0x0
   \   000012   78..         MOV       R0,#?V0
   \   000014   12....       LCALL     ?PUSH_XSTACK_I_THREE
   \   000017   AC..         MOV       R4,?V3
   \   000019   7D00         MOV       R5,#0x0
   \   00001B   7403         MOV       A,#0x3
   \   00001D   12....       LCALL     ?XSTACK_DISP101_8
   \   000020   12....       LCALL     ?Subroutine16 & 0xFFFF
   \                     ??CrossCallReturnLabel_23:
   \   000023   12....       LCALL     ?DEALLOC_XSTACK8
    603              buf[tmpLen++] = ' ';
   \   000026   12....       LCALL     ?Subroutine6 & 0xFFFF
    604            }
   \                     ??CrossCallReturnLabel_34:
   \   000029   05..         INC       ?V3
    605          
    606            err = (uint32)(value1);
    607            _ltoa( err, &buf[tmpLen], format1 );
   \                     ??HalLcdWriteStringValueValue_0:
   \   00002B                ; Setup parameters for call to function _ltoa
   \   00002B   A8..         MOV       R0,?V3
   \   00002D   12....       LCALL     ?Subroutine9 & 0xFFFF
   \                     ??CrossCallReturnLabel_9:
   \   000030   12....       LCALL     ?PUSH_XSTACK_I_TWO
   \   000033   12....       LCALL     ?Subroutine13 & 0xFFFF
   \                     ??CrossCallReturnLabel_39:
   \   000036   12....       LCALL     ?DEALLOC_XSTACK8
    608            tmpLen = (uint8)osal_strlen( (char*)buf );
   \   000039                ; Setup parameters for call to function osal_strlen
   \   000039   AA..         MOV       R2,?XSP + 0
   \   00003B   AB..         MOV       R3,?XSP + 1
   \   00003D   12....       LCALL     ??Subroutine22_0 & 0xFFFF
    609          
    610            buf[tmpLen++] = ',';
   \                     ??CrossCallReturnLabel_31:
   \   000040   F8           MOV       R0,A
   \   000041   85..82       MOV       DPL,?XSP + 0
   \   000044   85..83       MOV       DPH,?XSP + 1
   \   000047   E582         MOV       A,DPL
   \   000049   2A           ADD       A,R2
   \   00004A   F582         MOV       DPL,A
   \   00004C   E4           CLR       A
   \   00004D   3583         ADDC      A,DPH
   \   00004F   F583         MOV       DPH,A
   \   000051   742C         MOV       A,#0x2c
   \   000053   F0           MOVX      @DPTR,A
    611            buf[tmpLen++] = ' ';
   \   000054   08           INC       R0
   \   000055   12....       LCALL     ??Subroutine23_0 & 0xFFFF
    612            err = (uint32)(value2);
    613            _ltoa( err, &buf[tmpLen], format2 );
   \                     ??CrossCallReturnLabel_32:
   \   000058                ; Setup parameters for call to function _ltoa
   \   000058   08           INC       R0
   \   000059   12....       LCALL     ?Subroutine9 & 0xFFFF
   \                     ??CrossCallReturnLabel_10:
   \   00005C   12....       LCALL     ?PUSH_XSTACK_I_TWO
   \   00005F   7426         MOV       A,#0x26
   \   000061   12....       LCALL     ?XSTACK_DISP0_8
   \   000064   E0           MOVX      A,@DPTR
   \   000065   F9           MOV       R1,A
   \   000066   7424         MOV       A,#0x24
   \   000068   12....       LCALL     ?XSTACK_DISP0_8
   \   00006B   E0           MOVX      A,@DPTR
   \   00006C   F5..         MOV       ?V0,A
   \   00006E   A3           INC       DPTR
   \   00006F   E0           MOVX      A,@DPTR
   \   000070   AA..         MOV       R2,?V0
   \   000072   FB           MOV       R3,A
   \   000073   12....       LCALL     ??Subroutine24_0 & 0xFFFF
   \                     ??CrossCallReturnLabel_40:
   \   000076   12....       LCALL     ?DEALLOC_XSTACK8
    614          
    615            HalLcdWriteString( (char *)buf, line );		
   \   000079                ; Setup parameters for call to function HalLcdWriteString
   \   000079   7425         MOV       A,#0x25
   \   00007B   02....       LJMP      ?Subroutine3 & 0xFFFF
    616          
    617          #endif
    618          }

   \                                 In  segment BANKED_CODE, align 1, keep-with-next
   \                     ?Subroutine9:
   \   000000   85..82       MOV       DPL,?XSP + 0
   \   000003   85..83       MOV       DPH,?XSP + 1
   \   000006   E582         MOV       A,DPL
   \   000008   28           ADD       A,R0
   \   000009   F5..         MOV       ?V0,A
   \   00000B   E4           CLR       A
   \   00000C   3583         ADDC      A,DPH
   \   00000E   F5..         MOV       ?V1,A
   \   000010   78..         MOV       R0,#?V0
   \   000012   22           RET
    619          
    620          /**************************************************************************************************
    621           * @fn      HalLcdDisplayPercentBar
    622           *
    623           * @brief   Display percentage bar on the LCD
    624           *
    625           * @param   title   -
    626           *          value   -
    627           *
    628           * @return  None
    629           **************************************************************************************************/

   \                                 In  segment BANKED_CODE, align 1, keep-with-next
    630          void HalLcdDisplayPercentBar( char *title, uint8 value )
   \                     HalLcdDisplayPercentBar:
    631          {
   \   000000                REQUIRE ?V0
   \   000000                REQUIRE ?V1
   \   000000                REQUIRE ?V2
   \   000000                REQUIRE ?V3
   \   000000   74F4         MOV       A,#-0xc
   \   000002   12....       LCALL     ?BANKED_ENTER_XDATA
   \   000005                ; Saved register size: 12
   \   000005                ; Auto size: 17
   \   000005   74EF         MOV       A,#-0x11
   \   000007   12....       LCALL     ?ALLOC_XSTACK8
   \   00000A   E9           MOV       A,R1
   \   00000B   FE           MOV       R6,A
    632          #if (HAL_LCD == TRUE)
    633          
    634            uint8 percent;
    635            uint8 leftOver;
    636            uint8 buf[17];
    637            uint32 err;
    638            uint8 x;
    639          
    640            /* Write the title: */
    641            HalLcdWriteString( title, HAL_LCD_LINE_1 );
   \   00000C                ; Setup parameters for call to function HalLcdWriteString
   \   00000C   7901         MOV       R1,#0x1
   \   00000E   12....       LCALL     `??HalLcdWriteString::?relay`; Banked call to: HalLcdWriteString
    642          
    643            if ( value > 100 )
   \   000011   EE           MOV       A,R6
   \   000012   C3           CLR       C
   \   000013   9465         SUBB      A,#0x65
   \   000015   4002         JC        ??HalLcdDisplayPercentBar_0
    644              value = 100;
   \   000017   7E64         MOV       R6,#0x64
    645          
    646            /* convert to blocks */
    647            percent = (uint8)(value / 10);
   \                     ??HalLcdDisplayPercentBar_0:
   \   000019   75F00A       MOV       B,#0xa
   \   00001C   EE           MOV       A,R6
   \   00001D   84           DIV       AB
   \   00001E   FF           MOV       R7,A
    648            leftOver = (uint8)(value % 10);
   \   00001F   EE           MOV       A,R6
   \   000020   75F00A       MOV       B,#0xa
   \   000023   84           DIV       AB
   \   000024   E5F0         MOV       A,B
   \   000026   F5..         MOV       ?V3,A
    649          
    650            /* Make window */
    651            osal_memcpy( buf, "[          ]  ", 15 );
   \   000028                ; Setup parameters for call to function osal_memcpy
   \   000028   75....       MOV       ?V0,#`?<Constant "[          ]  ">` & 0xff
   \   00002B   75....       MOV       ?V1,#(`?<Constant "[          ]  ">` >> 8) & 0xff
   \   00002E   75..00       MOV       ?V2,#0x0
   \   000031   78..         MOV       R0,#?V0
   \   000033   12....       LCALL     ?PUSH_XSTACK_I_THREE
   \   000036   7C0F         MOV       R4,#0xf
   \   000038   7D00         MOV       R5,#0x0
   \   00003A   7403         MOV       A,#0x3
   \   00003C   12....       LCALL     ?XSTACK_DISP101_8
   \   00003F   12....       LCALL     ?Subroutine16 & 0xFFFF
   \                     ??CrossCallReturnLabel_24:
   \   000042   12....       LCALL     ?DEALLOC_XSTACK8
    652          
    653            for ( x = 0; x < percent; x ++ )
   \   000045   75..00       MOV       ?V0,#0x0
   \   000048   EF           MOV       A,R7
   \   000049   601A         JZ        ??HalLcdDisplayPercentBar_1
    654            {
    655              buf[1+x] = '>';
   \   00004B   F8           MOV       R0,A
   \   00004C   7900         MOV       R1,#0x0
   \   00004E   7A3E         MOV       R2,#0x3e
   \   000050   7401         MOV       A,#0x1
   \   000052   12....       LCALL     ?XSTACK_DISP0_8
   \                     ??HalLcdDisplayPercentBar_2:
   \   000055   EA           MOV       A,R2
   \   000056   F0           MOVX      @DPTR,A
   \   000057   A3           INC       DPTR
   \   000058   E8           MOV       A,R0
   \   000059   24FF         ADD       A,#-0x1
   \   00005B   18           DEC       R0
   \   00005C   E9           MOV       A,R1
   \   00005D   34FF         ADDC      A,#-0x1
   \   00005F   F9           MOV       R1,A
   \   000060   48           ORL       A,R0
   \   000061   70F2         JNZ       ??HalLcdDisplayPercentBar_2
    656            }
   \   000063   8F..         MOV       ?V0,R7
    657          
    658            if ( leftOver >= 5 )
   \                     ??HalLcdDisplayPercentBar_1:
   \   000065   E5..         MOV       A,?V3
   \   000067   C3           CLR       C
   \   000068   9405         SUBB      A,#0x5
   \   00006A   4009         JC        ??HalLcdDisplayPercentBar_3
    659              buf[1+x] = '+';
   \   00006C   A8..         MOV       R0,?V0
   \   00006E   12....       LCALL     ?Subroutine20 & 0xFFFF
   \                     ??CrossCallReturnLabel_35:
   \   000071   A3           INC       DPTR
   \   000072   742B         MOV       A,#0x2b
   \   000074   F0           MOVX      @DPTR,A
    660          
    661            err = (uint32)value;
    662            _ltoa( err, (uint8*)&buf[13], 10 );
   \                     ??HalLcdDisplayPercentBar_3:
   \   000075                ; Setup parameters for call to function _ltoa
   \   000075   740D         MOV       A,#0xd
   \   000077   12....       LCALL     ?XSTACK_DISP0_8
   \   00007A   8582..       MOV       ?V2,DPL
   \   00007D   8583..       MOV       ?V3,DPH
   \   000080   78..         MOV       R0,#?V2
   \   000082   12....       LCALL     ?PUSH_XSTACK_I_TWO
   \   000085   790A         MOV       R1,#0xa
   \   000087   EE           MOV       A,R6
   \   000088   FA           MOV       R2,A
   \   000089   E4           CLR       A
   \   00008A   FB           MOV       R3,A
   \   00008B   12....       LCALL     ??Subroutine25_0 & 0xFFFF
   \                     ??CrossCallReturnLabel_41:
   \   00008E   12....       LCALL     ?DEALLOC_XSTACK8
    663          
    664            HalLcdWriteString( (char*)buf, HAL_LCD_LINE_2 );
   \   000091                ; Setup parameters for call to function HalLcdWriteString
   \   000091   7902         MOV       R1,#0x2
   \   000093   AA..         MOV       R2,?XSP + 0
   \   000095   AB..         MOV       R3,?XSP + 1
   \   000097   12....       LCALL     `??HalLcdWriteString::?relay`; Banked call to: HalLcdWriteString
    665          
    666          #endif
    667          
    668          }
   \   00009A   7411         MOV       A,#0x11
   \   00009C   12....       LCALL     ?DEALLOC_XSTACK8
   \   00009F   7F04         MOV       R7,#0x4
   \   0000A1   02....       LJMP      ?BANKED_LEAVE_XDATA
    669          
    670          #if (HAL_LCD == TRUE)
    671          /**************************************************************************************************
    672           *                                    HARDWARE LCD
    673           **************************************************************************************************/
    674          
    675          /**************************************************************************************************
    676           * @fn      halLcd_ConfigIO
    677           *
    678           * @brief   Configure IO lines needed for LCD control.
    679           *
    680           * @param   None
    681           *
    682           * @return  None
    683           **************************************************************************************************/
    684          static void halLcd_ConfigIO(void)
    685          {
    686            /* GPIO configuration */
    687            HAL_CONFIG_IO_OUTPUT(HAL_LCD_MODE_PORT,  HAL_LCD_MODE_PIN,  1);
                   ^
Warning[Pe1665]: concatenation with "=" in macro "HAL_CONFIG_IO_OUTPUT_PREP"
          does not create a valid token
    688            HAL_CONFIG_IO_OUTPUT(HAL_LCD_BLK_PORT, HAL_LCD_BLK_PIN, 1);
                   ^
Warning[Pe1665]: concatenation with "=" in macro "HAL_CONFIG_IO_OUTPUT_PREP"
          does not create a valid token
    689            HAL_CONFIG_IO_OUTPUT(HAL_LCD_CS_PORT,    HAL_LCD_CS_PIN,    1);
                   ^
Warning[Pe1665]: concatenation with "=" in macro "HAL_CONFIG_IO_OUTPUT_PREP"
          does not create a valid token
    690          }
    691          
    692          /**************************************************************************************************
    693           * @fn      halLcd_ConfigSPI
    694           *
    695           * @brief   Configure SPI lines needed for talking to LCD.
    696           *
    697           * @param   None
    698           *
    699           * @return  None
    700           **************************************************************************************************/
    701          static void halLcd_ConfigSPI(void)
    702          {
    703            /* UART/SPI Peripheral configuration */
    704          
    705             uint8 baud_exponent;
    706             uint8 baud_mantissa;
    707          
    708            /* Set SPI on UART 1 alternative 2 */
    709            PERCFG |= 0x02;
    710          
    711            /* Configure clk, master out and master in lines */
    712            HAL_CONFIG_IO_PERIPHERAL(HAL_LCD_CLK_PORT,  HAL_LCD_CLK_PIN);
    713            HAL_CONFIG_IO_PERIPHERAL(HAL_LCD_MOSI_PORT, HAL_LCD_MOSI_PIN);
    714          // HAL_CONFIG_IO_PERIPHERAL(HAL_LCD_MISO_PORT, HAL_LCD_MISO_PIN);
    715          
    716          
    717            /* Set SPI speed to 1 MHz (the values assume system clk of 32MHz)
    718             * Confirm on board that this results in 1MHz spi clk.
    719             */
    720            baud_exponent = 15;
    721            baud_mantissa =  0;
    722          
    723            /* Configure SPI */
    724            U1UCR  = 0x80;      /* Flush and goto IDLE state. 8-N-1. */
    725            U1CSR  = 0x00;      /* SPI mode, master. */
    726            U1GCR  = HAL_SPI_TRANSFER_MSB_FIRST | HAL_SPI_CLOCK_PHA_0 | HAL_SPI_CLOCK_POL_LO | baud_exponent;
    727            U1BAUD = baud_mantissa;
    728          }
    729          
    730          /**************************************************************************************************
    731           * @fn      HalLcd_HW_Init
    732           *
    733           * @brief   Initilize HW LCD Driver.
    734           *
    735           * @param   None
    736           *
    737           * @return  None
    738           **************************************************************************************************/

   \                                 In  segment BANKED_CODE, align 1, keep-with-next
    739          void HalLcd_HW_Init(void)
   \                     HalLcd_HW_Init:
    740          {
   \   000000   C082         PUSH      DPL
   \   000002   C083         PUSH      DPH
   \   000004                ; Saved register size: 2
   \   000004                ; Auto size: 0
    741            /* Initialize LCD IO lines */
    742            halLcd_ConfigIO();
   \   000004   53F47F       ANL       0xf4,#0x7f
   \   000007   D297         SETB      0x90.7
   \   000009   43FE80       ORL       0xfe,#0x80
   \   00000C   53F3FE       ANL       0xf3,#0xfe
   \   00000F   D280         SETB      0x80.0
   \   000011   43FD01       ORL       0xfd,#0x1
   \   000014   53F4FB       ANL       0xf4,#0xfb
   \   000017   D292         SETB      0x90.2
   \   000019   43FE04       ORL       0xfe,#0x4
    743            /* Initialize SPI */
    744            halLcd_ConfigSPI();
   \   00001C   43F102       ORL       0xf1,#0x2
   \   00001F   43F420       ORL       0xf4,#0x20
   \   000022   43F440       ORL       0xf4,#0x40
   \   000025   75FB80       MOV       0xfb,#-0x80
   \   000028   75F800       MOV       0xf8,#0x0
   \   00002B   75FC2F       MOV       0xfc,#0x2f
   \   00002E   75FA00       MOV       0xfa,#0x0
    745            
    746            HalLcd_HW_Control(0xae);//--turn off oled panel
   \   000031                ; Setup parameters for call to function HalLcd_HW_Control
   \   000031   79AE         MOV       R1,#-0x52
   \   000033   12....       LCALL     ?Subroutine5 & 0xFFFF
    747            HalLcd_HW_Control(0x00);//---set low column address
    748            HalLcd_HW_Control(0x10);//---set high column address
   \                     ??CrossCallReturnLabel_0:
   \   000036                ; Setup parameters for call to function HalLcd_HW_Control
   \   000036   7910         MOV       R1,#0x10
   \   000038   12....       LCALL     ?Subroutine10 & 0xFFFF
    749            HalLcd_HW_Control(0x40);//--set start line address  Set Mapping RAM Display Start Line (0x00~0x3F)
    750            HalLcd_HW_Control(0x81);//--set contrast control register
   \                     ??CrossCallReturnLabel_11:
   \   00003B                ; Setup parameters for call to function HalLcd_HW_Control
   \   00003B   7981         MOV       R1,#-0x7f
   \   00003D   12....       LCALL     `??HalLcd_HW_Control::?relay`; Banked call to: HalLcd_HW_Control
    751            HalLcd_HW_Control(0xcf); // Set SEG Output Current Brightness
   \   000040                ; Setup parameters for call to function HalLcd_HW_Control
   \   000040   79CF         MOV       R1,#-0x31
   \   000042   12....       LCALL     `??HalLcd_HW_Control::?relay`; Banked call to: HalLcd_HW_Control
    752            HalLcd_HW_Control(0xa1);//--Set SEG/Column Mapping     0xa0左右反置 0xa1正常
   \   000045                ; Setup parameters for call to function HalLcd_HW_Control
   \   000045   79A1         MOV       R1,#-0x5f
   \   000047   12....       LCALL     `??HalLcd_HW_Control::?relay`; Banked call to: HalLcd_HW_Control
    753            HalLcd_HW_Control(0xc8);//Set COM/Row Scan Direction   0xc0上下反置 0xc8正常
   \   00004A                ; Setup parameters for call to function HalLcd_HW_Control
   \   00004A   79C8         MOV       R1,#-0x38
   \   00004C   12....       LCALL     ?Subroutine11 & 0xFFFF
    754            HalLcd_HW_Control(0xa6);//--set normal display
    755            HalLcd_HW_Control(0xa8);//--set multiplex ratio(1 to 64)
   \                     ??CrossCallReturnLabel_13:
   \   00004F                ; Setup parameters for call to function HalLcd_HW_Control
   \   00004F   79A8         MOV       R1,#-0x58
   \   000051   12....       LCALL     `??HalLcd_HW_Control::?relay`; Banked call to: HalLcd_HW_Control
    756            HalLcd_HW_Control(0x3f);//--1/64 duty
   \   000054                ; Setup parameters for call to function HalLcd_HW_Control
   \   000054   793F         MOV       R1,#0x3f
   \   000056   12....       LCALL     `??HalLcd_HW_Control::?relay`; Banked call to: HalLcd_HW_Control
    757            HalLcd_HW_Control(0xd3);//-set display offset    Shift Mapping RAM Counter (0x00~0x3F)
   \   000059                ; Setup parameters for call to function HalLcd_HW_Control
   \   000059   79D3         MOV       R1,#-0x2d
   \   00005B   12....       LCALL     ?Subroutine5 & 0xFFFF
    758            HalLcd_HW_Control(0x00);//-not offset
    759            HalLcd_HW_Control(0xd5);//--set display clock divide ratio/oscillator frequency
   \                     ??CrossCallReturnLabel_1:
   \   00005E                ; Setup parameters for call to function HalLcd_HW_Control
   \   00005E   79D5         MOV       R1,#-0x2b
   \   000060   12....       LCALL     `??HalLcd_HW_Control::?relay`; Banked call to: HalLcd_HW_Control
    760            HalLcd_HW_Control(0x80);//--set divide ratio, Set Clock as 100 Frames/Sec
   \   000063                ; Setup parameters for call to function HalLcd_HW_Control
   \   000063   7980         MOV       R1,#-0x80
   \   000065   12....       LCALL     `??HalLcd_HW_Control::?relay`; Banked call to: HalLcd_HW_Control
    761            HalLcd_HW_Control(0xd9);//--set pre-charge period
   \   000068                ; Setup parameters for call to function HalLcd_HW_Control
   \   000068   79D9         MOV       R1,#-0x27
   \   00006A   12....       LCALL     `??HalLcd_HW_Control::?relay`; Banked call to: HalLcd_HW_Control
    762            HalLcd_HW_Control(0xf1);//Set Pre-Charge as 15 Clocks & Discharge as 1 Clock
   \   00006D                ; Setup parameters for call to function HalLcd_HW_Control
   \   00006D   79F1         MOV       R1,#-0xf
   \   00006F   12....       LCALL     `??HalLcd_HW_Control::?relay`; Banked call to: HalLcd_HW_Control
    763            HalLcd_HW_Control(0xda);//--set com pins hardware configuration
   \   000072                ; Setup parameters for call to function HalLcd_HW_Control
   \   000072   79DA         MOV       R1,#-0x26
   \   000074   12....       LCALL     `??HalLcd_HW_Control::?relay`; Banked call to: HalLcd_HW_Control
    764            HalLcd_HW_Control(0x12);
   \   000077                ; Setup parameters for call to function HalLcd_HW_Control
   \   000077   7912         MOV       R1,#0x12
   \   000079   12....       LCALL     `??HalLcd_HW_Control::?relay`; Banked call to: HalLcd_HW_Control
    765            HalLcd_HW_Control(0xdb);//--set vcomh
   \   00007C                ; Setup parameters for call to function HalLcd_HW_Control
   \   00007C   79DB         MOV       R1,#-0x25
   \   00007E   12....       LCALL     ?Subroutine10 & 0xFFFF
    766            HalLcd_HW_Control(0x40);//Set VCOM Deselect Level
    767            HalLcd_HW_Control(0x20);//-Set Page Addressing Mode (0x00/0x01/0x02)
   \                     ??CrossCallReturnLabel_12:
   \   000081                ; Setup parameters for call to function HalLcd_HW_Control
   \   000081   7920         MOV       R1,#0x20
   \   000083   12....       LCALL     `??HalLcd_HW_Control::?relay`; Banked call to: HalLcd_HW_Control
    768            HalLcd_HW_Control(0x02);//
   \   000086                ; Setup parameters for call to function HalLcd_HW_Control
   \   000086   7902         MOV       R1,#0x2
   \   000088   12....       LCALL     `??HalLcd_HW_Control::?relay`; Banked call to: HalLcd_HW_Control
    769            HalLcd_HW_Control(0x8d);//--set Charge Pump enable/disable
   \   00008B                ; Setup parameters for call to function HalLcd_HW_Control
   \   00008B   798D         MOV       R1,#-0x73
   \   00008D   12....       LCALL     `??HalLcd_HW_Control::?relay`; Banked call to: HalLcd_HW_Control
    770            HalLcd_HW_Control(0x14);//--set(0x10) disable
   \   000090                ; Setup parameters for call to function HalLcd_HW_Control
   \   000090   7914         MOV       R1,#0x14
   \   000092   12....       LCALL     `??HalLcd_HW_Control::?relay`; Banked call to: HalLcd_HW_Control
    771            HalLcd_HW_Control(0xa4);// Disable Entire Display On (0xa4/0xa5)
   \   000095                ; Setup parameters for call to function HalLcd_HW_Control
   \   000095   79A4         MOV       R1,#-0x5c
   \   000097   12....       LCALL     ?Subroutine11 & 0xFFFF
    772            HalLcd_HW_Control(0xa6);// Disable Inverse Display On (0xa6/a7) 
    773            HalLcd_HW_Control(0xaf);//--turn on oled panel
   \                     ??CrossCallReturnLabel_14:
   \   00009A                ; Setup parameters for call to function HalLcd_HW_Control
   \   00009A   79AF         MOV       R1,#-0x51
   \   00009C   12....       LCALL     `??HalLcd_HW_Control::?relay`; Banked call to: HalLcd_HW_Control
    774          
    775          	/*初始化后一定要清屏*/
    776          	HalLcd_HW_Clear();
   \   00009F                ; Setup parameters for call to function HalLcd_HW_Clear
   \   00009F   12....       LCALL     `??HalLcd_HW_Clear::?relay`; Banked call to: HalLcd_HW_Clear
    777          	set_ddram_line_col(0,0); 
   \   0000A2                ; Setup parameters for call to function set_ddram_line_col
   \   0000A2   7A00         MOV       R2,#0x0
   \   0000A4   7900         MOV       R1,#0x0
   \   0000A6   12....       LCALL     `??set_ddram_line_col::?relay`; Banked call to: set_ddram_line_col
    778          }
   \   0000A9   02....       LJMP      ?Subroutine1 & 0xFFFF
   \   0000AC                REQUIRE PERCFG
   \   0000AC                REQUIRE P1SEL
   \   0000AC                REQUIRE U1UCR
   \   0000AC                REQUIRE _A_U1CSR
   \   0000AC                REQUIRE U1GCR
   \   0000AC                REQUIRE U1BAUD
   \   0000AC                REQUIRE _A_P1
   \   0000AC                REQUIRE P1DIR
   \   0000AC                REQUIRE P0SEL
   \   0000AC                REQUIRE _A_P0
   \   0000AC                REQUIRE P0DIR

   \                                 In  segment BANKED_CODE, align 1, keep-with-next
   \                     ?Subroutine11:
   \   000000   12....       LCALL     `??HalLcd_HW_Control::?relay`; Banked call to: HalLcd_HW_Control
   \   000003                ; Setup parameters for call to function HalLcd_HW_Control
   \   000003                ; Setup parameters for call to function HalLcd_HW_Control
   \   000003   79A6         MOV       R1,#-0x5a
   \   000005   12....       LCALL     `??HalLcd_HW_Control::?relay`; Banked call to: HalLcd_HW_Control
   \   000008   22           RET

   \                                 In  segment BANKED_CODE, align 1, keep-with-next
   \                     ?Subroutine10:
   \   000000   12....       LCALL     `??HalLcd_HW_Control::?relay`; Banked call to: HalLcd_HW_Control
   \   000003                ; Setup parameters for call to function HalLcd_HW_Control
   \   000003                ; Setup parameters for call to function HalLcd_HW_Control
   \   000003   7940         MOV       R1,#0x40
   \   000005   12....       LCALL     `??HalLcd_HW_Control::?relay`; Banked call to: HalLcd_HW_Control
   \   000008   22           RET

   \                                 In  segment BANKED_CODE, align 1, keep-with-next
   \                     ?Subroutine5:
   \   000000   12....       LCALL     `??HalLcd_HW_Control::?relay`; Banked call to: HalLcd_HW_Control
   \   000003                ; Setup parameters for call to function HalLcd_HW_Control
   \   000003                ; Setup parameters for call to function HalLcd_HW_Control
   \   000003                ; Setup parameters for call to function HalLcd_HW_Control
   \   000003                ; Setup parameters for call to function HalLcd_HW_Control
   \   000003   7900         MOV       R1,#0x0
   \   000005   12....       LCALL     `??HalLcd_HW_Control::?relay`; Banked call to: HalLcd_HW_Control
   \   000008   22           RET
    779          
    780          /**************************************************************************************************
    781           * @fn      HalLcd_HW_Control
    782           *
    783           * @brief   Write 1 command to the LCD
    784           *
    785           * @param   uint8 cmd - command to be written to the LCD
    786           *
    787           * @return  None
    788           **************************************************************************************************/

   \                                 In  segment BANKED_CODE, align 1, keep-with-next
    789          void HalLcd_HW_Control(uint8 cmd)
   \                     HalLcd_HW_Control:
    790          {
   \   000000                ; Saved register size: 0
   \   000000                ; Auto size: 0
    791            LCD_SPI_BEGIN();
                   ^
Warning[Pe1665]: concatenation with "=" in macro "HAL_IO_SET_PREP" does not
          create a valid token
   \   000000   C292         CLR       0x90.2
    792            LCD_DO_CONTROL();
                   ^
Warning[Pe1665]: concatenation with "=" in macro "HAL_IO_SET_PREP" does not
          create a valid token
   \   000002   C297         CLR       0x90.7
    793            LCD_SPI_TX(cmd);
   \   000004   53F8F9       ANL       0xf8,#0xf9
   \   000007   89F9         MOV       0xf9,R1
   \                     ??HalLcd_HW_Control_0:
   \   000009   A2F9         MOV       C,0xf8.1
   \   00000B   50FC         JNC       ??HalLcd_HW_Control_0
    794            LCD_SPI_WAIT_RXRDY();
   \                     ??HalLcd_HW_Control_1:
   \   00000D   A2F9         MOV       C,0xf8.1
   \   00000F   50FC         JNC       ??HalLcd_HW_Control_1
    795            LCD_SPI_END();
                   ^
Warning[Pe1665]: concatenation with "=" in macro "HAL_IO_SET_PREP" does not
          create a valid token
   \   000011   00           NOP
   \   000012   00           NOP
   \   000013   00           NOP
   \   000014   00           NOP
   \   000015                REQUIRE ?Subroutine2
   \   000015                REQUIRE _A_P1
   \   000015                REQUIRE _A_U1CSR
   \   000015                REQUIRE U1DBUF
   \   000015                ; // Fall through to label ?Subroutine2
    796          }

   \                                 In  segment BANKED_CODE, align 1, keep-with-next
   \                     ?Subroutine2:
   \   000000   D292         SETB      0x90.2
   \   000002   02....       LJMP      ?BRET
    797          
    798          /**************************************************************************************************
    799           * @fn      HalLcd_HW_Write
    800           *
    801           * @brief   Write 1 byte to the LCD
    802           *
    803           * @param   uint8 data - data to be written to the LCD
    804           *
    805           * @return  None
    806           **************************************************************************************************/

   \                                 In  segment BANKED_CODE, align 1, keep-with-next
    807          void HalLcd_HW_Write(uint8 data)
   \                     HalLcd_HW_Write:
    808          {
   \   000000                ; Saved register size: 0
   \   000000                ; Auto size: 0
    809            LCD_SPI_BEGIN();
                   ^
Warning[Pe1665]: concatenation with "=" in macro "HAL_IO_SET_PREP" does not
          create a valid token
   \   000000   C292         CLR       0x90.2
    810            LCD_DO_WRITE();
                   ^
Warning[Pe1665]: concatenation with "=" in macro "HAL_IO_SET_PREP" does not
          create a valid token
   \   000002   D297         SETB      0x90.7
    811            LCD_SPI_TX(data);
   \   000004   53F8F9       ANL       0xf8,#0xf9
   \   000007   89F9         MOV       0xf9,R1
   \                     ??HalLcd_HW_Write_0:
   \   000009   A2F9         MOV       C,0xf8.1
   \   00000B   50FC         JNC       ??HalLcd_HW_Write_0
    812            LCD_SPI_WAIT_RXRDY();
   \                     ??HalLcd_HW_Write_1:
   \   00000D   A2F9         MOV       C,0xf8.1
   \   00000F   50FC         JNC       ??HalLcd_HW_Write_1
    813            LCD_SPI_END();
                   ^
Warning[Pe1665]: concatenation with "=" in macro "HAL_IO_SET_PREP" does not
          create a valid token
   \   000011   00           NOP
   \   000012   00           NOP
   \   000013   00           NOP
   \   000014   00           NOP
   \   000015   80..         SJMP      ?Subroutine2
   \   000017                REQUIRE _A_P1
   \   000017                REQUIRE _A_U1CSR
   \   000017                REQUIRE U1DBUF
    814          }
    815          
    816          
    817          /**************************************************************************************************
    818           * @fn      HalLcd_HW_Clear
    819           *
    820           * @brief   Clear the HW LCD
    821           *
    822           * @param   None
    823           *
    824           * @return  None
    825           **************************************************************************************************/

   \                                 In  segment BANKED_CODE, align 1, keep-with-next
    826          void HalLcd_HW_Clear(void)
   \                     HalLcd_HW_Clear:
    827          {
   \   000000   74F7         MOV       A,#-0x9
   \   000002   12....       LCALL     ?BANKED_ENTER_XDATA
   \   000005                ; Saved register size: 9
   \   000005                ; Auto size: 0
    828            uint8 n,i;
    829            for(i = 0 ; i < 8 ; i++)
   \   000005   7F00         MOV       R7,#0x0
    830            {
    831              SET_DDRAM_ADDR(i,0x00);   
   \                     ??HalLcd_HW_Clear_0:
   \   000007                ; Setup parameters for call to function HalLcd_HW_Control
   \   000007   74B0         MOV       A,#-0x50
   \   000009   4F           ORL       A,R7
   \   00000A   F9           MOV       R1,A
   \   00000B   12....       LCALL     `??HalLcd_HW_Control::?relay`; Banked call to: HalLcd_HW_Control
   \   00000E                ; Setup parameters for call to function HalLcd_HW_Control
   \   00000E   7910         MOV       R1,#0x10
   \   000010   12....       LCALL     ?Subroutine5 & 0xFFFF
    832              for (n = 0; n < 128; n++)
   \                     ??CrossCallReturnLabel_2:
   \   000013   7E80         MOV       R6,#-0x80
    833              {
    834              //HalLcd_HW_Write(' ');
    835                 HalLcd_HW_Write(0x00);
   \                     ??HalLcd_HW_Clear_1:
   \   000015                ; Setup parameters for call to function HalLcd_HW_Write
   \   000015   7900         MOV       R1,#0x0
   \   000017   12....       LCALL     `??HalLcd_HW_Write::?relay`; Banked call to: HalLcd_HW_Write
    836              }
   \   00001A   DEF9         DJNZ      R6,??HalLcd_HW_Clear_1
    837            }
   \   00001C   0F           INC       R7
   \   00001D   EF           MOV       A,R7
   \   00001E   C3           CLR       C
   \   00001F   9408         SUBB      A,#0x8
   \   000021   40E4         JC        ??HalLcd_HW_Clear_0
    838          }
   \   000023   02....       LJMP      ?Subroutine0 & 0xFFFF
    839          
    840          
    841          
    842          /*
    843          col -- 列起始地址
    844          width -- 字的宽度
    845          page -- 页起始地址
    846          high -- 字的高度
    847          */

   \                                 In  segment BANKED_CODE, align 1, keep-with-next
    848          void OLED_ShowxXx(uint8 col,uint8 page,uint8 width,uint8 high,uint8 *pdata)
   \                     OLED_ShowxXx:
    849          {
   \   000000                REQUIRE ?V0
   \   000000                REQUIRE ?V1
   \   000000                REQUIRE ?V2
   \   000000                REQUIRE ?V3
   \   000000                REQUIRE ?V4
   \   000000                REQUIRE ?V5
   \   000000                REQUIRE ?V6
   \   000000                REQUIRE ?V7
   \   000000   74F0         MOV       A,#-0x10
   \   000002   12....       LCALL     ?BANKED_ENTER_XDATA
   \   000005                ; Saved register size: 16
   \   000005                ; Auto size: 4
   \   000005   74FC         MOV       A,#-0x4
   \   000007   12....       LCALL     ?ALLOC_XSTACK8
   \   00000A   7403         MOV       A,#0x3
   \   00000C   12....       LCALL     ?XSTACK_DISP0_8
   \   00000F   E9           MOV       A,R1
   \   000010   F0           MOVX      @DPTR,A
   \   000011   7402         MOV       A,#0x2
   \   000013   12....       LCALL     ?XSTACK_DISP0_8
   \   000016   EA           MOV       A,R2
   \   000017   F0           MOVX      @DPTR,A
   \   000018   7401         MOV       A,#0x1
   \   00001A   12....       LCALL     ?XSTACK_DISP0_8
   \   00001D   EB           MOV       A,R3
   \   00001E   F0           MOVX      @DPTR,A
   \   00001F   EC           MOV       A,R4
   \   000020   85..82       MOV       DPL,?XSP + 0
   \   000023   85..83       MOV       DPH,?XSP + 1
   \   000026   F0           MOVX      @DPTR,A
    850            uint32 i=0;
   \   000027   75..00       MOV       ?V0,#0x0
   \   00002A   75..00       MOV       ?V1,#0x0
   \   00002D   75..00       MOV       ?V2,#0x0
   \   000030   75..00       MOV       ?V3,#0x0
    851            //设置为水平地址模式
    852            HalLcd_HW_Control(0x20);
   \   000033                ; Setup parameters for call to function HalLcd_HW_Control
   \   000033   7920         MOV       R1,#0x20
   \   000035   12....       LCALL     ?Subroutine5 & 0xFFFF
    853            HalLcd_HW_Control(0x00);
    854            //设置开始列地址和列结束地址
    855            HalLcd_HW_Control(0x21);
   \                     ??CrossCallReturnLabel_3:
   \   000038                ; Setup parameters for call to function HalLcd_HW_Control
   \   000038   7921         MOV       R1,#0x21
   \   00003A   12....       LCALL     `??HalLcd_HW_Control::?relay`; Banked call to: HalLcd_HW_Control
    856            HalLcd_HW_Control(col);  //列开始地址
   \   00003D                ; Setup parameters for call to function HalLcd_HW_Control
   \   00003D   7403         MOV       A,#0x3
   \   00003F   12....       LCALL     ?XSTACK_DISP0_8
   \   000042   E0           MOVX      A,@DPTR
   \   000043   F9           MOV       R1,A
   \   000044   12....       LCALL     `??HalLcd_HW_Control::?relay`; Banked call to: HalLcd_HW_Control
    857            HalLcd_HW_Control(col+width-1);//列结束地址
   \   000047                ; Setup parameters for call to function HalLcd_HW_Control
   \   000047   7401         MOV       A,#0x1
   \   000049   12....       LCALL     ?XSTACK_DISP0_8
   \   00004C   E0           MOVX      A,@DPTR
   \   00004D   F8           MOV       R0,A
   \   00004E   7403         MOV       A,#0x3
   \   000050   12....       LCALL     ?XSTACK_DISP0_8
   \   000053   12....       LCALL     ?Subroutine17 & 0xFFFF
    858            //设置开始页地址和页结束地址
    859            HalLcd_HW_Control(0x22);
   \                     ??CrossCallReturnLabel_25:
   \   000056                ; Setup parameters for call to function HalLcd_HW_Control
   \   000056   7922         MOV       R1,#0x22
   \   000058   12....       LCALL     `??HalLcd_HW_Control::?relay`; Banked call to: HalLcd_HW_Control
    860            HalLcd_HW_Control(page);
   \   00005B                ; Setup parameters for call to function HalLcd_HW_Control
   \   00005B   7402         MOV       A,#0x2
   \   00005D   12....       LCALL     ?XSTACK_DISP0_8
   \   000060   E0           MOVX      A,@DPTR
   \   000061   F9           MOV       R1,A
   \   000062   12....       LCALL     `??HalLcd_HW_Control::?relay`; Banked call to: HalLcd_HW_Control
    861            HalLcd_HW_Control(page+high/8-1);
   \   000065                ; Setup parameters for call to function HalLcd_HW_Control
   \   000065   85..82       MOV       DPL,?XSP + 0
   \   000068   85..83       MOV       DPH,?XSP + 1
   \   00006B   E0           MOVX      A,@DPTR
   \   00006C   13           RRC       A
   \   00006D   13           RRC       A
   \   00006E   13           RRC       A
   \   00006F   541F         ANL       A,#0x1f
   \   000071   F8           MOV       R0,A
   \   000072   7402         MOV       A,#0x2
   \   000074   12....       LCALL     ?XSTACK_DISP0_8
   \   000077   12....       LCALL     ?Subroutine17 & 0xFFFF
    862            
    863            for(i=0;i < high/8*width;i++)
   \                     ??CrossCallReturnLabel_26:
   \   00007A   7414         MOV       A,#0x14
   \   00007C   12....       LCALL     ?XSTACK_DISP0_8
   \   00007F   E0           MOVX      A,@DPTR
   \   000080   FE           MOV       R6,A
   \   000081   A3           INC       DPTR
   \   000082   E0           MOVX      A,@DPTR
   \   000083   FF           MOV       R7,A
   \   000084   801A         SJMP      ??OLED_ShowxXx_0
    864            {
    865              HalLcd_HW_Write(*pdata++);
   \                     ??OLED_ShowxXx_1:
   \   000086                ; Setup parameters for call to function HalLcd_HW_Write
   \   000086   8E82         MOV       DPL,R6
   \   000088   8F83         MOV       DPH,R7
   \   00008A   E0           MOVX      A,@DPTR
   \   00008B   F9           MOV       R1,A
   \   00008C   12....       LCALL     `??HalLcd_HW_Write::?relay`; Banked call to: HalLcd_HW_Write
   \   00008F   8E82         MOV       DPL,R6
   \   000091   8F83         MOV       DPH,R7
   \   000093   A3           INC       DPTR
   \   000094   AE82         MOV       R6,DPL
   \   000096   AF83         MOV       R7,DPH
    866            }
   \   000098   90....       MOV       DPTR,#__Constant_1
   \   00009B   78..         MOV       R0,#?V0
   \   00009D   12....       LCALL     ?L_ADD_X
   \                     ??OLED_ShowxXx_0:
   \   0000A0   85..82       MOV       DPL,?XSP + 0
   \   0000A3   85..83       MOV       DPH,?XSP + 1
   \   0000A6   E0           MOVX      A,@DPTR
   \   0000A7   13           RRC       A
   \   0000A8   13           RRC       A
   \   0000A9   13           RRC       A
   \   0000AA   541F         ANL       A,#0x1f
   \   0000AC   F8           MOV       R0,A
   \   0000AD   7401         MOV       A,#0x1
   \   0000AF   12....       LCALL     ?XSTACK_DISP0_8
   \   0000B2   E0           MOVX      A,@DPTR
   \   0000B3   F5..         MOV       ?V4,A
   \   0000B5   E8           MOV       A,R0
   \   0000B6   85..F0       MOV       B,?V4
   \   0000B9   A4           MUL       AB
   \   0000BA   F8           MOV       R0,A
   \   0000BB   AAF0         MOV       R2,B
   \   0000BD   E4           CLR       A
   \   0000BE   2A           ADD       A,R2
   \   0000BF   88..         MOV       ?V4,R0
   \   0000C1   F5..         MOV       ?V5,A
   \   0000C3   33           RLC       A
   \   0000C4   95E0         SUBB      A,0xE0 /* A   */
   \   0000C6   F5..         MOV       ?V6,A
   \   0000C8   F5..         MOV       ?V7,A
   \   0000CA   78..         MOV       R0,#?V4
   \   0000CC   79..         MOV       R1,#?V0
   \   0000CE   12....       LCALL     ?UL_GT
   \   0000D1   40B3         JC        ??OLED_ShowxXx_1
    867          }
   \   0000D3   7404         MOV       A,#0x4
   \   0000D5   12....       LCALL     ?DEALLOC_XSTACK8
   \   0000D8   7F08         MOV       R7,#0x8
   \   0000DA   02....       LJMP      ?BANKED_LEAVE_XDATA

   \                                 In  segment BANKED_CODE, align 1, keep-with-next
   \                     ?Subroutine17:
   \   000000   E0           MOVX      A,@DPTR
   \   000001   28           ADD       A,R0
   \   000002   14           DEC       A
   \   000003   F9           MOV       R1,A
   \   000004   12....       LCALL     `??HalLcd_HW_Control::?relay`; Banked call to: HalLcd_HW_Control
   \   000007   22           RET
    868          

   \                                 In  segment BANKED_CODE, align 1, keep-with-next
    869          void OLED_Show_Photo(uint8 col,uint8 page,uint8 width,uint8 high,uint8 *pdata)
   \                     OLED_Show_Photo:
    870          {
   \   000000                REQUIRE ?V0
   \   000000                REQUIRE ?V1
   \   000000   74F6         MOV       A,#-0xa
   \   000002   12....       LCALL     ?BANKED_ENTER_XDATA
   \   000005                ; Saved register size: 10
   \   000005                ; Auto size: 0
    871            OLED_ShowxXx(col,page,width,high,pdata);
   \   000005                ; Setup parameters for call to function OLED_ShowxXx
   \   000005   740A         MOV       A,#0xa
   \   000007   12....       LCALL     ?XSTACK_DISP0_8
   \   00000A   12....       LCALL     ?PUSH_XSTACK8_X_TWO
   \   00000D   12....       LCALL     `??OLED_ShowxXx::?relay`; Banked call to: OLED_ShowxXx
   \   000010   7402         MOV       A,#0x2
   \   000012   12....       LCALL     ?DEALLOC_XSTACK8
    872          }
   \   000015   7F02         MOV       R7,#0x2
   \   000017   02....       LJMP      ?BANKED_LEAVE_XDATA
    873          
    874          
    875          
    876          
    877          /**************************************************************************************************
    878           * @fn      HalLcd_HW_ClearAllSpecChars
    879           *
    880           * @brief   Clear all special chars
    881           *
    882           * @param   None
    883           *
    884           * @return  None
    885           **************************************************************************************************/
    886          /*  不可能此LCD不支持
    887          void HalLcd_HW_ClearAllSpecChars(void)
    888          {
    889            uint8 n = 0;
    890          
    891            SET_GCRAM_CHAR(0);
    892            
    893            for (n = 0; n < (8 * 8); n++)
    894            {
    895              HalLcd_HW_Write(0x00);
    896            }
    897          }
    898          */
    899          /**************************************************************************************************
    900           * @fn      HalLcd_HW_WriteChar
    901           *
    902           * @brief   Write one char to the display
    903           *
    904           * @param   uint8 line - line number that the char will be displayed
    905           *          uint8 col - colum where the char will be displayed
    906           *
    907           * @return  None
    908           **************************************************************************************************/

   \                                 In  segment BANKED_CODE, align 1, keep-with-next
    909          void HalLcd_HW_WriteChar(uint8 line, uint8 col, char text)
   \                     HalLcd_HW_WriteChar:
    910          {
   \   000000                REQUIRE ?V0
   \   000000                REQUIRE ?V1
   \   000000                REQUIRE ?V2
   \   000000   74F5         MOV       A,#-0xb
   \   000002   12....       LCALL     ?BANKED_ENTER_XDATA
   \   000005                ; Saved register size: 11
   \   000005                ; Auto size: 0
   \   000005   8A..         MOV       ?V1,R2
   \   000007   8B..         MOV       ?V2,R3
    911            if (col < LCD_MAX_LINE_LENGTH)
   \   000009   EA           MOV       A,R2
   \   00000A   C3           CLR       C
   \   00000B   9415         SUBB      A,#0x15
   \   00000D   5065         JNC       ??HalLcd_HW_WriteChar_0
    912            {
    913             // SET_DDRAM_ADDR((line - 1) * LCD_MAX_LINE_LENGTH + col);
    914              SET_DDRAM_ADDR(line-1,col*6);               //设定坐标
   \   00000F                ; Setup parameters for call to function HalLcd_HW_Control
   \   00000F   74FF         MOV       A,#-0x1
   \   000011   29           ADD       A,R1
   \   000012   44B0         ORL       A,#0xb0
   \   000014   12....       LCALL     ?Subroutine12 & 0xFFFF
   \                     ??CrossCallReturnLabel_15:
   \   000017   C4           SWAP      A
   \   000018   20E304       JB        0xE0 /* A   */.3,??HalLcd_HW_WriteChar_1
   \   00001B   540F         ANL       A,#0xf
   \   00001D   8002         SJMP      ??HalLcd_HW_WriteChar_2
   \                     ??HalLcd_HW_WriteChar_1:
   \   00001F   44F0         ORL       A,#0xf0
   \                     ??HalLcd_HW_WriteChar_2:
   \   000021   540F         ANL       A,#0xf
   \   000023   2410         ADD       A,#0x10
   \   000025   12....       LCALL     ?Subroutine12 & 0xFFFF
   \                     ??CrossCallReturnLabel_16:
   \   000028   540F         ANL       A,#0xf
   \   00002A   F9           MOV       R1,A
   \   00002B   12....       LCALL     `??HalLcd_HW_Control::?relay`; Banked call to: HalLcd_HW_Control
    915              if((text >= 0x20) && (text < 0x7E))
   \   00002E   74E0         MOV       A,#-0x20
   \   000030   25..         ADD       A,?V2
   \   000032   C3           CLR       C
   \   000033   945E         SUBB      A,#0x5e
   \   000035   502F         JNC       ??HalLcd_HW_WriteChar_3
    916              {
    917                uint8 i = text - 0x20;                  //char 型的数据可以和8位整型进行计算的
   \   000037   74E0         MOV       A,#-0x20
   \   000039   25..         ADD       A,?V2
   \   00003B   FF           MOV       R7,A
    918                
    919                for(uint8 k = 0 ; k <5 ; k++) 
   \   00003C   7E00         MOV       R6,#0x0
    920                {
    921                  HalLcd_HW_Write(ascii_table_5x7[i][k]);
   \                     ??HalLcd_HW_WriteChar_4:
   \   00003E                ; Setup parameters for call to function HalLcd_HW_Write
   \   00003E   EE           MOV       A,R6
   \   00003F   FA           MOV       R2,A
   \   000040   EF           MOV       A,R7
   \   000041   75F005       MOV       B,#0x5
   \   000044   A4           MUL       AB
   \   000045   F8           MOV       R0,A
   \   000046   A9F0         MOV       R1,B
   \   000048   74..         MOV       A,#ascii_table_5x7 & 0xff
   \   00004A   28           ADD       A,R0
   \   00004B   F8           MOV       R0,A
   \   00004C   74..         MOV       A,#(ascii_table_5x7 >> 8) & 0xff
   \   00004E   39           ADDC      A,R1
   \   00004F   F9           MOV       R1,A
   \   000050   E8           MOV       A,R0
   \   000051   2A           ADD       A,R2
   \   000052   F582         MOV       DPL,A
   \   000054   E4           CLR       A
   \   000055   39           ADDC      A,R1
   \   000056   F583         MOV       DPH,A
   \   000058   E0           MOVX      A,@DPTR
   \   000059   F9           MOV       R1,A
   \   00005A   12....       LCALL     `??HalLcd_HW_Write::?relay`; Banked call to: HalLcd_HW_Write
    922                }
   \   00005D   0E           INC       R6
   \   00005E   EE           MOV       A,R6
   \   00005F   C3           CLR       C
   \   000060   9405         SUBB      A,#0x5
   \   000062   500B         JNC       ??HalLcd_HW_WriteChar_5
   \   000064   80D8         SJMP      ??HalLcd_HW_WriteChar_4
    923              }
    924              else  //不可显示，将有空格代替
    925              {
    926                for(uint8 k = 0 ; k < 5 ; k++)
   \                     ??HalLcd_HW_WriteChar_3:
   \   000066   7E05         MOV       R6,#0x5
    927                HalLcd_HW_Write(0x00);
   \                     ??HalLcd_HW_WriteChar_6:
   \   000068                ; Setup parameters for call to function HalLcd_HW_Write
   \   000068   7900         MOV       R1,#0x0
   \   00006A   12....       LCALL     `??HalLcd_HW_Write::?relay`; Banked call to: HalLcd_HW_Write
   \   00006D   DEF9         DJNZ      R6,??HalLcd_HW_WriteChar_6
    928              }
    929              HalLcd_HW_Write(0x00);                   //相对第六列有写空，以分开相邻字符
   \                     ??HalLcd_HW_WriteChar_5:
   \   00006F                ; Setup parameters for call to function HalLcd_HW_Write
   \   00006F   7900         MOV       R1,#0x0
   \   000071   12....       LCALL     `??HalLcd_HW_Write::?relay`; Banked call to: HalLcd_HW_Write
    930            }
    931            else  
    932            {
    933              return;
    934            }
    935          }
   \                     ??HalLcd_HW_WriteChar_0:
   \   000074                REQUIRE ?Subroutine4
   \   000074                ; // Fall through to label ?Subroutine4

   \                                 In  segment BANKED_CODE, align 1, keep-with-next
   \                     ?Subroutine4:
   \   000000   7F03         MOV       R7,#0x3
   \   000002   02....       LJMP      ?BANKED_LEAVE_XDATA

   \                                 In  segment BANKED_CODE, align 1, keep-with-next
   \                     ?Subroutine12:
   \   000000   F9           MOV       R1,A
   \   000001   12....       LCALL     `??HalLcd_HW_Control::?relay`; Banked call to: HalLcd_HW_Control
   \   000004                ; Setup parameters for call to function HalLcd_HW_Control
   \   000004                ; Setup parameters for call to function HalLcd_HW_Control
   \   000004   75F006       MOV       B,#0x6
   \   000007   E5..         MOV       A,?V1
   \   000009   A4           MUL       AB
   \   00000A   22           RET
    936          
    937          /**************************************************************************************************
    938           * @fn          halLcdWriteLine
    939           *
    940           * @brief       Write one line on display
    941           *
    942           * @param       uint8 line - display line
    943           *              char *pText - text buffer to write
    944           *
    945           * @return      none
    946           **************************************************************************************************/

   \                                 In  segment BANKED_CODE, align 1, keep-with-next
    947          void HalLcd_HW_WriteLine(uint8 line, const char *pText)
   \                     HalLcd_HW_WriteLine:
    948          {
   \   000000                REQUIRE ?V0
   \   000000                REQUIRE ?V1
   \   000000                REQUIRE ?V2
   \   000000   74F5         MOV       A,#-0xb
   \   000002   12....       LCALL     ?BANKED_ENTER_XDATA
   \   000005                ; Saved register size: 11
   \   000005                ; Auto size: 0
   \   000005   89..         MOV       ?V1,R1
   \   000007   EA           MOV       A,R2
   \   000008   FE           MOV       R6,A
   \   000009   EB           MOV       A,R3
   \   00000A   FF           MOV       R7,A
    949            uint8 count;
    950            uint8 totalLength = (uint8)osal_strlen( (char *)pText );
   \   00000B                ; Setup parameters for call to function osal_strlen
   \   00000B   12....       LCALL     `??osal_strlen::?relay`; Banked call to: osal_strlen
   \   00000E   EA           MOV       A,R2
   \   00000F   F5..         MOV       ?V2,A
    951          
    952            /* Write the content first */
    953            for (count=0; count<totalLength; count++)
   \   000011   75..00       MOV       ?V0,#0x0
   \   000014   8018         SJMP      ??HalLcd_HW_WriteLine_0
    954            {
    955              HalLcd_HW_WriteChar(line, count, (*(pText++)));
   \                     ??HalLcd_HW_WriteLine_1:
   \   000016                ; Setup parameters for call to function HalLcd_HW_WriteChar
   \   000016   8E82         MOV       DPL,R6
   \   000018   8F83         MOV       DPH,R7
   \   00001A   E0           MOVX      A,@DPTR
   \   00001B   FB           MOV       R3,A
   \   00001C   AA..         MOV       R2,?V0
   \   00001E   A9..         MOV       R1,?V1
   \   000020   12....       LCALL     `??HalLcd_HW_WriteChar::?relay`; Banked call to: HalLcd_HW_WriteChar
   \   000023   8E82         MOV       DPL,R6
   \   000025   8F83         MOV       DPH,R7
   \   000027   A3           INC       DPTR
   \   000028   AE82         MOV       R6,DPL
   \   00002A   AF83         MOV       R7,DPH
    956            }
   \   00002C   05..         INC       ?V0
   \                     ??HalLcd_HW_WriteLine_0:
   \   00002E   E5..         MOV       A,?V0
   \   000030   C3           CLR       C
   \   000031   95..         SUBB      A,?V2
   \   000033   40E1         JC        ??HalLcd_HW_WriteLine_1
    957          
    958            /* Write blank spaces to rest of the line */
    959            for(count=totalLength; count<LCD_MAX_LINE_LENGTH;count++)
   \   000035   85....       MOV       ?V0,?V2
   \   000038   800B         SJMP      ??HalLcd_HW_WriteLine_2
    960            {
    961              HalLcd_HW_WriteChar(line, count, ' ');
   \                     ??HalLcd_HW_WriteLine_3:
   \   00003A                ; Setup parameters for call to function HalLcd_HW_WriteChar
   \   00003A   7B20         MOV       R3,#0x20
   \   00003C   AA..         MOV       R2,?V0
   \   00003E   A9..         MOV       R1,?V1
   \   000040   12....       LCALL     `??HalLcd_HW_WriteChar::?relay`; Banked call to: HalLcd_HW_WriteChar
    962            }
   \   000043   05..         INC       ?V0
   \                     ??HalLcd_HW_WriteLine_2:
   \   000045   E5..         MOV       A,?V0
   \   000047   C3           CLR       C
   \   000048   9415         SUBB      A,#0x15
   \   00004A   40EE         JC        ??HalLcd_HW_WriteLine_3
    963          }
   \   00004C   80..         SJMP      ?Subroutine4
    964          
    965          /**************************************************************************************************
    966           * @fn      HalLcd_HW_WaitUs
    967           *
    968           * @brief   wait for x us. @ 32MHz MCU clock it takes 32 "nop"s for 1 us delay.
    969           *
    970           * @param   x us. range[0-65536]
    971           *
    972           * @return  None
    973           **************************************************************************************************/

   \                                 In  segment BANKED_CODE, align 1, keep-with-next
    974          void HalLcd_HW_WaitUs(uint16 microSecs)
   \                     HalLcd_HW_WaitUs:
    975          {
   \   000000                ; Saved register size: 0
   \   000000                ; Auto size: 0
   \   000000   8020         SJMP      ??HalLcd_HW_WaitUs_0
    976            while(microSecs--)
    977            {
    978              /* 32 NOPs == 1 usecs */
    979              asm("nop"); asm("nop"); asm("nop"); asm("nop"); asm("nop");
   \                     ??HalLcd_HW_WaitUs_1:
   \   000002   00           nop
   \   000003   00           nop
   \   000004   00           nop
   \   000005   00           nop
   \   000006   00           nop
    980              asm("nop"); asm("nop"); asm("nop"); asm("nop"); asm("nop");
   \   000007   00           nop
   \   000008   00           nop
   \   000009   00           nop
   \   00000A   00           nop
   \   00000B   00           nop
    981              asm("nop"); asm("nop"); asm("nop"); asm("nop"); asm("nop");
   \   00000C   00           nop
   \   00000D   00           nop
   \   00000E   00           nop
   \   00000F   00           nop
   \   000010   00           nop
    982              asm("nop"); asm("nop"); asm("nop"); asm("nop"); asm("nop");
   \   000011   00           nop
   \   000012   00           nop
   \   000013   00           nop
   \   000014   00           nop
   \   000015   00           nop
    983              asm("nop"); asm("nop"); asm("nop"); asm("nop"); asm("nop");
   \   000016   00           nop
   \   000017   00           nop
   \   000018   00           nop
   \   000019   00           nop
   \   00001A   00           nop
    984              asm("nop"); asm("nop"); asm("nop"); asm("nop"); asm("nop");
   \   00001B   00           nop
   \   00001C   00           nop
   \   00001D   00           nop
   \   00001E   00           nop
   \   00001F   00           nop
    985              asm("nop"); asm("nop");
   \   000020   00           nop
   \   000021   00           nop
    986            }
   \                     ??HalLcd_HW_WaitUs_0:
   \   000022   EA           MOV       A,R2
   \   000023   F8           MOV       R0,A
   \   000024   EB           MOV       A,R3
   \   000025   F9           MOV       R1,A
   \   000026   E8           MOV       A,R0
   \   000027   24FF         ADD       A,#-0x1
   \   000029   1A           DEC       R2
   \   00002A   E9           MOV       A,R1
   \   00002B   34FF         ADDC      A,#-0x1
   \   00002D   FB           MOV       R3,A
   \   00002E   E8           MOV       A,R0
   \   00002F   49           ORL       A,R1
   \   000030   70D0         JNZ       ??HalLcd_HW_WaitUs_1
    987          }
   \   000032   02....       LJMP      ?BRET

   \                                 In  segment XDATA_ROM_C, align 1
   \                     `?<Constant "[          ]  ">`:
   \   000000   5B202020     DB "[          ]  "
   \            20202020
   \            2020205D
   \            202000  

   \                                 In  segment XDATA_ROM_C, align 1
   \                     __Constant_1:
   \   000000   01000000     DD 1
    988          #endif
    989          
    990          
    991          /**************************************************************************************************
    992          **************************************************************************************************/
    993          
    994          
    995          

   Maximum stack usage in bytes:

   ISTACK XSTACK Function
   ------ ------ --------
      2      0   HalLcdBufferAdd
      0     17   HalLcdBufferAddFix
        0     15   -> _ltoa
        0     16   -> osal_memcpy
        0     13   -> osal_strlen
      2      0   HalLcdBufferInit
      0     32   HalLcdDisplayPercentBar
        0     29   -> HalLcdWriteString
        0     31   -> _ltoa
        0     32   -> osal_memcpy
      0      9   HalLcdDisplayRoll
        0      9   -> HalLcd_HW_WriteLine
      2      0   HalLcdInit
        2      0   -> HalLcd_HW_Init
      0      9   HalLcdWriteScreen
        0      9   -> HalLcdWriteString
      0     44   HalLcdWriteString
        0      9   -> HalLcd_HW_WriteLine
      0     38   HalLcdWriteStringValue
        0     34   -> HalLcdWriteString
        0     36   -> _ltoa
        0     37   -> osal_memcpy
        0     34   -> osal_strlen
      0     41   HalLcdWriteStringValueValue
        0     34   -> HalLcdWriteString
        0     36   -> _ltoa
        0     37   -> osal_memcpy
        0     34   -> osal_strlen
      0     38   HalLcdWriteValue
        0     35   -> HalLcdWriteString
        0     37   -> _ltoa
      0      9   HalLcd_HW_Clear
        0      9   -> HalLcd_HW_Control
        0      9   -> HalLcd_HW_Write
      0     20   HalLcd_HW_Control
      2      0   HalLcd_HW_Init
        2      0   -> HalLcd_HW_Clear
        2      0   -> HalLcd_HW_Control
        2      0   -> set_ddram_line_col
      0      9   HalLcd_HW_WaitUs
      0     20   HalLcd_HW_Write
      0     22   HalLcd_HW_WriteChar
        0     11   -> HalLcd_HW_Control
        0     11   -> HalLcd_HW_Write
      0     20   HalLcd_HW_WriteLine
        0     11   -> HalLcd_HW_WriteChar
        0     11   -> osal_strlen
      0     14   OLED_Show_Photo
        0     12   -> OLED_ShowxXx
      1     32   OLED_ShowxXx
        0     20   -> HalLcd_HW_Control
        0     20   -> HalLcd_HW_Write
      0      9   set_ddram_line_col
        0      9   -> HalLcd_HW_Control
        0      9   -> HalLcd_HW_WaitUs


   Segment part sizes:

   Bytes  Function/Label
   -----  --------------
      15  ?<Constant "[          ]  ">
       5  ??Subroutine21_0
       7  ??Subroutine22_0
       7  ??Subroutine23_0
       1  ??Subroutine24_0
       2  ??Subroutine25_0
       6  ??Subroutine26_0
       5  ?Subroutine0
       7  ?Subroutine1
       9  ?Subroutine10
       9  ?Subroutine11
      11  ?Subroutine12
      10  ?Subroutine13
      12  ?Subroutine14
       9  ?Subroutine15
       6  ?Subroutine16
       8  ?Subroutine17
      10  ?Subroutine18
      13  ?Subroutine19
       5  ?Subroutine2
      17  ?Subroutine20
       9  ?Subroutine3
       5  ?Subroutine4
       9  ?Subroutine5
       2  ?Subroutine6
      12  ?Subroutine7
       8  ?Subroutine8
      19  ?Subroutine9
      62  HalLcdBufferAdd
     138  HalLcdBufferAddFix
      35  HalLcdBufferInit
     164  HalLcdDisplayPercentBar
      54  HalLcdDisplayRoll
       7  HalLcdInit
      25  HalLcdWriteScreen
       8  HalLcdWriteString
      54  HalLcdWriteStringValue
     126  HalLcdWriteStringValueValue
      49  HalLcdWriteValue
      38  HalLcd_HW_Clear
      21  HalLcd_HW_Control
     172  HalLcd_HW_Init
      53  HalLcd_HW_WaitUs
      23  HalLcd_HW_Write
     116  HalLcd_HW_WriteChar
      78  HalLcd_HW_WriteLine
      35  LcdBuffer
      26  OLED_Show_Photo
     221  OLED_ShowxXx
       1  P0DIR
       1  P0SEL
       1  P1DIR
       1  P1SEL
       1  PERCFG
       1  U1BAUD
       1  U1DBUF
       1  U1GCR
       1  U1UCR
       1  _A_P0
       1  _A_P1
       1  _A_U1CSR
       4  __Constant_1
     475  ascii_table_5x7
      31  set_ddram_line_col
     126  -- Other

 
 1 724 bytes in segment BANKED_CODE
   126 bytes in segment BANK_RELAYS
    12 bytes in segment SFR_AN
   494 bytes in segment XDATA_ROM_C
    35 bytes in segment XDATA_Z
 
   126 bytes of CODE     memory
   490 bytes of CONST    memory (+  4 bytes shared)
     0 bytes of DATA     memory (+ 12 bytes shared)
 1 724 bytes of HUGECODE memory
    35 bytes of XDATA    memory

Errors: none
Warnings: 9
